dataset,baseline,candidate,scene_id,change,geometry,template_group,baseline_failure,candidate_failure
original,tracking,PPO_best_550901,me5418-scenes-v1-0024,gained,tight_layout,formal-g024,external_collision_band,
original,tracking,PPO_best_550901,me5418-scenes-v1-0051,gained,near_link,formal-g051,external_collision_band,
original,tracking,PPO_best_550901,me5418-scenes-v1-0067,gained,tight_layout,formal-g009,external_collision_band,
original,tracking,PPO_best_550901,me5418-scenes-v1-0082,gained,tight_layout,formal-g024,external_collision_band,
original,tracking,PPO_best_550901,me5418-scenes-v1-0129,gained,near_link,formal-g013,external_collision_band,
original,tracking,PPO_best_550901,me5418-scenes-v1-0140,gained,tight_layout,formal-g024,external_collision_band,
original,tracking,PPO_best_550901,me5418-scenes-v1-0144,gained,near_link,formal-g028,external_collision_band,
original,tracking,PPO_best_550901,me5418-scenes-v1-0198,gained,tight_layout,formal-g024,external_collision_band,
original,tracking,PPO_best_550901,me5418-scenes-v1-0245,gained,near_link,formal-g013,external_collision_band,
original,tracking,PPO_best_550901,me5418-scenes-v1-0256,gained,tight_layout,formal-g024,external_collision_band,
original,tracking,PPO_best_550901,me5418-scenes-v1-0323,gained,near_link,formal-g033,external_collision_band,
original,tracking,PPO_best_550901,me5418-scenes-v1-0372,gained,tight_layout,formal-g024,external_collision_band,
original,tracking,PPO_best_550901,me5418-scenes-v1-0381,gained,near_link,formal-g033,external_collision_band,
original,tracking,PPO_best_550901,me5418-scenes-v1-0430,gained,tight_layout,formal-g024,external_collision_band,
original,tracking,PPO_best_550901,me5418-scenes-v1-0473,gained,tight_layout,formal-g009,external_collision_band,
original,tracking,PPO_best_550901,me5418-scenes-v1-0497,gained,near_link,formal-g033,external_collision_band,
original,tracking,PPO_best_550901,me5418-scenes-v1-0508,gained,tight_layout,formal-g044,external_collision_band,
original,tracking,PPO_best_550901,me5418-scenes-v1-0518,gained,tight_layout,formal-g054,external_collision_band,
original,tracking,PPO_best_550901,me5418-scenes-v1-0555,gained,near_link,formal-g033,external_collision_band,
original,tracking,PPO_best_550901,me5418-scenes-v1-0604,gained,tight_layout,formal-g024,external_collision_band,
original,tracking,PPO_best_550901,me5418-scenes-v1-0644,gained,near_link,formal-g006,external_collision_band,
original,tracking,PPO_best_550901,me5418-scenes-v1-0651,gained,near_link,formal-g013,external_collision_band,
original,tracking,PPO_best_550901,me5418-scenes-v1-0662,gained,tight_layout,formal-g024,external_collision_band,
original,tracking,PPO_best_551901,me5418-scenes-v1-0024,gained,tight_layout,formal-g024,external_collision_band,
original,tracking,PPO_best_551901,me5418-scenes-v1-0051,gained,near_link,formal-g051,external_collision_band,
original,tracking,PPO_best_551901,me5418-scenes-v1-0054,gained,tight_layout,formal-g054,external_collision_band,
original,tracking,PPO_best_551901,me5418-scenes-v1-0082,gained,tight_layout,formal-g024,external_collision_band,
original,tracking,PPO_best_551901,me5418-scenes-v1-0129,gained,near_link,formal-g013,external_collision_band,
original,tracking,PPO_best_551901,me5418-scenes-v1-0140,gained,tight_layout,formal-g024,external_collision_band,
original,tracking,PPO_best_551901,me5418-scenes-v1-0144,gained,near_link,formal-g028,external_collision_band,
original,tracking,PPO_best_551901,me5418-scenes-v1-0198,gained,tight_layout,formal-g024,external_collision_band,
original,tracking,PPO_best_551901,me5418-scenes-v1-0245,gained,near_link,formal-g013,external_collision_band,
original,tracking,PPO_best_551901,me5418-scenes-v1-0256,gained,tight_layout,formal-g024,external_collision_band,
original,tracking,PPO_best_551901,me5418-scenes-v1-0372,gained,tight_layout,formal-g024,external_collision_band,
original,tracking,PPO_best_551901,me5418-scenes-v1-0381,gained,near_link,formal-g033,external_collision_band,
original,tracking,PPO_best_551901,me5418-scenes-v1-0430,gained,tight_layout,formal-g024,external_collision_band,
original,tracking,PPO_best_551901,me5418-scenes-v1-0473,gained,tight_layout,formal-g009,external_collision_band,
original,tracking,PPO_best_551901,me5418-scenes-v1-0497,gained,near_link,formal-g033,external_collision_band,
original,tracking,PPO_best_551901,me5418-scenes-v1-0508,gained,tight_layout,formal-g044,external_collision_band,
original,tracking,PPO_best_551901,me5418-scenes-v1-0518,gained,tight_layout,formal-g054,external_collision_band,
original,tracking,PPO_best_551901,me5418-scenes-v1-0604,gained,tight_layout,formal-g024,external_collision_band,
original,tracking,PPO_best_551901,me5418-scenes-v1-0644,gained,near_link,formal-g006,external_collision_band,
original,tracking,PPO_best_551901,me5418-scenes-v1-0651,gained,near_link,formal-g013,external_collision_band,
original,tracking,PPO_best_551901,me5418-scenes-v1-0662,gained,tight_layout,formal-g024,external_collision_band,
original,tracking,PPO_best_552901,me5418-scenes-v1-0024,gained,tight_layout,formal-g024,external_collision_band,
original,tracking,PPO_best_552901,me5418-scenes-v1-0032,gained,tight_layout,formal-g032,external_collision_band,
original,tracking,PPO_best_552901,me5418-scenes-v1-0051,gained,near_link,formal-g051,external_collision_band,
original,tracking,PPO_best_552901,me5418-scenes-v1-0054,gained,tight_layout,formal-g054,external_collision_band,
original,tracking,PPO_best_552901,me5418-scenes-v1-0067,gained,tight_layout,formal-g009,external_collision_band,
original,tracking,PPO_best_552901,me5418-scenes-v1-0082,gained,tight_layout,formal-g024,external_collision_band,
original,tracking,PPO_best_552901,me5418-scenes-v1-0129,gained,near_link,formal-g013,external_collision_band,
original,tracking,PPO_best_552901,me5418-scenes-v1-0140,gained,tight_layout,formal-g024,external_collision_band,
original,tracking,PPO_best_552901,me5418-scenes-v1-0144,gained,near_link,formal-g028,external_collision_band,
original,tracking,PPO_best_552901,me5418-scenes-v1-0198,gained,tight_layout,formal-g024,external_collision_band,
original,tracking,PPO_best_552901,me5418-scenes-v1-0245,gained,near_link,formal-g013,external_collision_band,
original,tracking,PPO_best_552901,me5418-scenes-v1-0256,gained,tight_layout,formal-g024,external_collision_band,
original,tracking,PPO_best_552901,me5418-scenes-v1-0323,gained,near_link,formal-g033,external_collision_band,
original,tracking,PPO_best_552901,me5418-scenes-v1-0372,gained,tight_layout,formal-g024,external_collision_band,
original,tracking,PPO_best_552901,me5418-scenes-v1-0381,gained,near_link,formal-g033,external_collision_band,
original,tracking,PPO_best_552901,me5418-scenes-v1-0430,gained,tight_layout,formal-g024,external_collision_band,
original,tracking,PPO_best_552901,me5418-scenes-v1-0473,gained,tight_layout,formal-g009,external_collision_band,
original,tracking,PPO_best_552901,me5418-scenes-v1-0497,gained,near_link,formal-g033,external_collision_band,
original,tracking,PPO_best_552901,me5418-scenes-v1-0508,gained,tight_layout,formal-g044,external_collision_band,
original,tracking,PPO_best_552901,me5418-scenes-v1-0518,gained,tight_layout,formal-g054,external_collision_band,
original,tracking,PPO_best_552901,me5418-scenes-v1-0555,gained,near_link,formal-g033,external_collision_band,
original,tracking,PPO_best_552901,me5418-scenes-v1-0604,gained,tight_layout,formal-g024,external_collision_band,
original,tracking,PPO_best_552901,me5418-scenes-v1-0644,gained,near_link,formal-g006,external_collision_band,
original,tracking,PPO_best_552901,me5418-scenes-v1-0651,gained,near_link,formal-g013,external_collision_band,
original,tracking,PPO_best_552901,me5418-scenes-v1-0662,gained,tight_layout,formal-g024,external_collision_band,
original,APF,PPO_best_550901,me5418-scenes-v1-0044,gained,tight_layout,formal-g044,external_collision_band,
original,APF,PPO_best_550901,me5418-scenes-v1-0323,gained,near_link,formal-g033,external_collision_band,
original,APF,PPO_best_550901,me5418-scenes-v1-0381,gained,near_link,formal-g033,external_collision_band,
original,APF,PPO_best_550901,me5418-scenes-v1-0497,gained,near_link,formal-g033,external_collision_band,
original,APF,PPO_best_550901,me5418-scenes-v1-0508,gained,tight_layout,formal-g044,external_collision_band,
original,APF,PPO_best_550901,me5418-scenes-v1-0555,gained,near_link,formal-g033,external_collision_band,
original,APF,PPO_best_550901,me5418-scenes-v1-0671,gained,near_link,formal-g033,external_collision_band,
original,APF,PPO_best_550901,me5418-scenes-v1-0032,lost,tight_layout,formal-g032,,external_collision_band
original,APF,PPO_best_551901,me5418-scenes-v1-0044,gained,tight_layout,formal-g044,external_collision_band,
original,APF,PPO_best_551901,me5418-scenes-v1-0054,gained,tight_layout,formal-g054,external_collision_band,
original,APF,PPO_best_551901,me5418-scenes-v1-0381,gained,near_link,formal-g033,external_collision_band,
original,APF,PPO_best_551901,me5418-scenes-v1-0497,gained,near_link,formal-g033,external_collision_band,
original,APF,PPO_best_551901,me5418-scenes-v1-0508,gained,tight_layout,formal-g044,external_collision_band,
original,APF,PPO_best_551901,me5418-scenes-v1-0671,gained,near_link,formal-g033,external_collision_band,
original,APF,PPO_best_551901,me5418-scenes-v1-0032,lost,tight_layout,formal-g032,,external_collision_band
original,APF,PPO_best_551901,me5418-scenes-v1-0067,lost,tight_layout,formal-g009,,self_collision_band
original,APF,PPO_best_552901,me5418-scenes-v1-0044,gained,tight_layout,formal-g044,external_collision_band,
original,APF,PPO_best_552901,me5418-scenes-v1-0054,gained,tight_layout,formal-g054,external_collision_band,
original,APF,PPO_best_552901,me5418-scenes-v1-0323,gained,near_link,formal-g033,external_collision_band,
original,APF,PPO_best_552901,me5418-scenes-v1-0381,gained,near_link,formal-g033,external_collision_band,
original,APF,PPO_best_552901,me5418-scenes-v1-0497,gained,near_link,formal-g033,external_collision_band,
original,APF,PPO_best_552901,me5418-scenes-v1-0508,gained,tight_layout,formal-g044,external_collision_band,
original,APF,PPO_best_552901,me5418-scenes-v1-0555,gained,near_link,formal-g033,external_collision_band,
original,APF,PPO_best_552901,me5418-scenes-v1-0671,gained,near_link,formal-g033,external_collision_band,
original,PPO_best_550901,PPO_last_550901,me5418-scenes-v1-0044,lost,tight_layout,formal-g044,,external_collision_band
original,PPO_best_550901,PPO_last_550901,me5418-scenes-v1-0508,lost,tight_layout,formal-g044,,external_collision_band
original,PPO_best_550901,PPO_last_550901,me5418-scenes-v1-0608,lost,near_link,formal-g028,,external_collision_band
original,PPO_best_550901,PPO_last_550901,me5418-scenes-v1-0662,lost,tight_layout,formal-g024,,external_collision_band
original,PPO_best_551901,PPO_last_551901,me5418-scenes-v1-0067,gained,tight_layout,formal-g009,self_collision_band,
original,PPO_best_551901,PPO_last_551901,me5418-scenes-v1-0323,gained,near_link,formal-g033,external_collision_band,
original,PPO_best_551901,PPO_last_551901,me5418-scenes-v1-0555,gained,near_link,formal-g033,external_collision_band,
original,PPO_best_551901,PPO_last_551901,me5418-scenes-v1-0054,lost,tight_layout,formal-g054,,external_collision_band
original,PPO_best_552901,PPO_last_552901,me5418-scenes-v1-0032,lost,tight_layout,formal-g032,,external_collision_band
original,PPO_best_552901,PPO_last_552901,me5418-scenes-v1-0054,lost,tight_layout,formal-g054,,external_collision_band
original,PPO_best_552901,PPO_last_552901,me5418-scenes-v1-0067,lost,tight_layout,formal-g009,,self_collision_band
original,PPO_best_552901,PPO_last_552901,me5418-scenes-v1-0415,lost,tight_layout,formal-g009,,self_collision_band
original,PPO_best_552901,PPO_last_552901,me5418-scenes-v1-0473,lost,tight_layout,formal-g009,,self_collision_band
original,PPO_best_552901,PPO_last_552901,me5418-scenes-v1-0589,lost,tight_layout,formal-g009,,self_collision_band
