dataset,baseline,candidate,n_scenes,n_template_groups,gained_n,lost_n,common_complete_n,success_difference,cluster_percentile95_low,cluster_percentile95_high,equal_group_mean_difference,bootstrap_replicates,bootstrap_seed,descriptive_posthoc
original,tracking,PPO_best_550901,131,20,23,0,106,0.17557251908396945,0.06060606060606061,0.32967599410898374,0.16037878787878784,5000,12042026,True
original,tracking,PPO_best_551901,131,20,21,0,106,0.16030534351145037,0.05454236239950525,0.30986267605633794,0.15204545454545454,5000,12042026,True
original,tracking,PPO_best_552901,131,20,25,0,106,0.19083969465648856,0.07332481751824818,0.34965909090909075,0.22287878787878784,5000,12042026,True
original,APF,PPO_best_550901,131,20,7,1,122,0.04580152671755725,-0.017391304347826087,0.14285714285714285,0.0012499999999999955,5000,12042026,True
original,APF,PPO_best_551901,131,20,6,2,121,0.030534351145038167,-0.02308139534883721,0.10072244725228216,-0.007083333333333336,5000,12042026,True
original,APF,PPO_best_552901,131,20,8,0,123,0.061068702290076333,0.0,0.16,0.06375,5000,12042026,True
original,PPO_best_550901,PPO_last_550901,131,20,0,4,125,-0.030534351145038167,-0.07527388922702374,0.0,-0.04083333333333333,5000,12042026,True
original,PPO_best_551901,PPO_last_551901,131,20,3,1,126,0.015267175572519083,-0.017245127436281857,0.056001869158878476,0.008333333333333331,5000,12042026,True
original,PPO_best_552901,PPO_last_552901,131,20,0,6,125,-0.04580152671755725,-0.1262135922330097,0.0,-0.09583333333333333,5000,12042026,True
