method,scope,n_timing_samples,mean_s,p95_s,p99_s,max_s,provider_decisions_all_observed,raw_policy_components_denominator,raw_policy_components_clipped,raw_policy_component_clip_fraction,raw_policy_decisions_with_clip,raw_policy_decisions_with_clip_fraction,posture_u_component_clip_fraction,posture_u_decisions_with_clip_fraction,scope_caveat
tracking,provider,23250,1.342481836583966e-05,1.5364491991931564e-05,2.2642506373813375e-05,4.9663998652249575e-05,23250,,,,,,0.0,0.0,"All observed decisions/steps including failure prefixes; descriptive compute/clipping, not complete-episode motion comparison"
tracking,core,116199,0.0005534718846217859,0.0005961159913567826,0.0006335976257105361,0.0016865240031620488,23250,,,,,,0.0,0.0,"All observed decisions/steps including failure prefixes; descriptive compute/clipping, not complete-episode motion comparison"
tracking,outer,116199,0.0006366192734801573,0.0007244971027830615,0.0007651149938465097,0.0017223119939444587,23250,,,,,,0.0,0.0,"All observed decisions/steps including failure prefixes; descriptive compute/clipping, not complete-episode motion comparison"
APF,provider,24672,0.00011294177347594412,0.00024573804839747023,0.00031773928960319607,0.0005230879905866459,24672,,,,,,0.11545766166388735,0.32907749675745784,"All observed decisions/steps including failure prefixes; descriptive compute/clipping, not complete-episode motion comparison"
APF,core,123338,0.0005583315543785689,0.0006025679904269055,0.0006456042009813247,0.0017465269920649007,24672,,,,,,0.11545766166388735,0.32907749675745784,"All observed decisions/steps including failure prefixes; descriptive compute/clipping, not complete-episode motion comparison"
APF,outer,123338,0.0006632225962613402,0.0008364921464817598,0.0009496782215137506,0.001864049001596868,24672,,,,,,0.11545766166388735,0.32907749675745784,"All observed decisions/steps including failure prefixes; descriptive compute/clipping, not complete-episode motion comparison"
PPO_best_550901,provider,24818,0.0002993320393168927,0.00037883400291320856,0.0005184720031684263,0.000879769999301061,24818,173726,57288,0.32976065758723505,21497,0.8661858328632445,0.0,0.0,"All observed decisions/steps including failure prefixes; descriptive compute/clipping, not complete-episode motion comparison"
PPO_best_550901,core,124089,0.0005776661073904369,0.0006243640033062547,0.0006644250848330557,0.0015398260002257302,24818,173726,57288,0.32976065758723505,21497,0.8661858328632445,0.0,0.0,"All observed decisions/steps including failure prefixes; descriptive compute/clipping, not complete-episode motion comparison"
PPO_best_550901,outer,124089,0.0007170259598804008,0.0010346786089939996,0.0011263175134081393,0.002072200004477054,24818,173726,57288,0.32976065758723505,21497,0.8661858328632445,0.0,0.0,"All observed decisions/steps including failure prefixes; descriptive compute/clipping, not complete-episode motion comparison"
PPO_best_551901,provider,24659,0.00030279692135727604,0.00038272599340416486,0.0005157849990064276,0.000978044990915805,24659,172613,78626,0.45550451008904314,24622,0.9984995336388337,0.0,0.0,"All observed decisions/steps including failure prefixes; descriptive compute/clipping, not complete-episode motion comparison"
PPO_best_551901,core,123283,0.0005797137850022119,0.0006280649977270514,0.0006656931946054098,0.10129314500954933,24659,172613,78626,0.45550451008904314,24622,0.9984995336388337,0.0,0.0,"All observed decisions/steps including failure prefixes; descriptive compute/clipping, not complete-episode motion comparison"
PPO_best_551901,outer,123283,0.0007232312790373893,0.0010427638961118643,0.0011334498072392307,0.10162147499795537,24659,172613,78626,0.45550451008904314,24622,0.9984995336388337,0.0,0.0,"All observed decisions/steps including failure prefixes; descriptive compute/clipping, not complete-episode motion comparison"
PPO_best_552901,provider,25152,0.00030250868940071436,0.00038182044299901464,0.0005239062842156258,0.001016416004858911,25152,176064,11775,0.06687908942202836,11282,0.4485527989821883,0.0,0.0,"All observed decisions/steps including failure prefixes; descriptive compute/clipping, not complete-episode motion comparison"
PPO_best_552901,core,125760,0.0005704815272479984,0.0006168339903524611,0.0006573090067831799,0.10218258800159674,25152,176064,11775,0.06687908942202836,11282,0.4485527989821883,0.0,0.0,"All observed decisions/steps including failure prefixes; descriptive compute/clipping, not complete-episode motion comparison"
PPO_best_552901,outer,125760,0.0007142494205828409,0.001033598993672058,0.0011273588050971742,0.10229768601129763,25152,176064,11775,0.06687908942202836,11282,0.4485527989821883,0.0,0.0,"All observed decisions/steps including failure prefixes; descriptive compute/clipping, not complete-episode motion comparison"
PPO_last_550901,provider,24244,0.00029633486737294743,0.00037193950192886404,0.0005109776278550271,0.0009200550121022388,24244,169708,84150,0.49585169821104486,24097,0.9939366441181323,0.0,0.0,"All observed decisions/steps including failure prefixes; descriptive compute/clipping, not complete-episode motion comparison"
PPO_last_550901,core,121206,0.000578387285722843,0.0006237035013327841,0.0006621674969210288,0.10201503400458023,24244,169708,84150,0.49585169821104486,24097,0.9939366441181323,0.0,0.0,"All observed decisions/steps including failure prefixes; descriptive compute/clipping, not complete-episode motion comparison"
PPO_last_550901,outer,121206,0.0007145946065466049,0.0010283967494615354,0.0011191604455234483,0.10243712000374217,24244,169708,84150,0.49585169821104486,24097,0.9939366441181323,0.0,0.0,"All observed decisions/steps including failure prefixes; descriptive compute/clipping, not complete-episode motion comparison"
PPO_last_551901,provider,24968,0.0003027388908145141,0.00038124100028653614,0.0005173608311451965,0.0009404629963682964,24968,174776,95083,0.5440277841351215,24633,0.9865828260173022,0.0,0.0,"All observed decisions/steps including failure prefixes; descriptive compute/clipping, not complete-episode motion comparison"
PPO_last_551901,core,124836,0.0005762076136848668,0.0006239359936444089,0.0006644725021033081,0.00417903000197839,24968,174776,95083,0.5440277841351215,24633,0.9865828260173022,0.0,0.0,"All observed decisions/steps including failure prefixes; descriptive compute/clipping, not complete-episode motion comparison"
PPO_last_551901,outer,124836,0.0007197804022100954,0.0010408177513454575,0.0011282339961326206,0.0050032940052915365,24968,174776,95083,0.5440277841351215,24633,0.9865828260173022,0.0,0.0,"All observed decisions/steps including failure prefixes; descriptive compute/clipping, not complete-episode motion comparison"
PPO_last_552901,provider,24784,0.00030631989311017413,0.00039819784506107676,0.0005459680639614814,0.0010750070068752393,24784,173488,105258,0.606716314673061,24753,0.9987491930277599,0.0,0.0,"All observed decisions/steps including failure prefixes; descriptive compute/clipping, not complete-episode motion comparison"
PPO_last_552901,core,123904,0.0005827493694598456,0.0006328614974336232,0.0006815250085492153,0.0016138729988597333,24784,173488,105258,0.606716314673061,24753,0.9987491930277599,0.0,0.0,"All observed decisions/steps including failure prefixes; descriptive compute/clipping, not complete-episode motion comparison"
PPO_last_552901,outer,123904,0.0007265750276868282,0.001047873653442366,0.0011458884971216321,0.00264139000501018,24784,173488,105258,0.606716314673061,24753,0.9987491930277599,0.0,0.0,"All observed decisions/steps including failure prefixes; descriptive compute/clipping, not complete-episode motion comparison"
