dataset,baseline,candidate,metric,unit,n_common_complete,n_with_both_values,baseline_mean,candidate_mean,mean_paired_difference,cluster_percentile95_low,cluster_percentile95_high,bootstrap_defined_replicates
original,tracking,PPO_best_550901,max_error_m,m,106,106,4.447238504168592e-05,6.678581567508376e-05,2.2313430633397822e-05,1.3076928673906614e-05,3.0645335153777095e-05,5000
original,tracking,PPO_best_550901,rmse_m,m,106,106,3.5213985674226806e-05,5.019437078469665e-05,1.4980385110469844e-05,7.054940478366033e-06,2.2478292073154677e-05,5000
original,tracking,PPO_best_550901,endpoint_error_m,m,106,106,3.231451682761736e-05,4.559337105634033e-05,1.3278854228722974e-05,9.27261647435323e-06,1.816058918152428e-05,5000
original,tracking,PPO_best_550901,minimum_external_distance_m,m,106,70,0.01949649544551756,0.026026804973693196,0.006530309528175634,0.002663137680434903,0.011741552491734506,5000
original,tracking,PPO_best_550901,minimum_self_distance_m,m,106,106,0.02000906460854515,0.019599549628766286,-0.00040951497977886534,-0.00047320578353861103,-0.00034153319250773494,5000
original,tracking,PPO_best_550901,command_smoothness_rms_rad_s2,rad/s^2,106,106,0.03375407606500429,0.3672534609133924,0.3334993848483882,0.22199350901701226,0.45837047409162,5000
original,tracking,PPO_best_550901,max_actual_arm_velocity_rad_s,rad/s,106,106,0.04082765189118874,0.24676074010386864,0.20593308821267992,0.1897121959041304,0.22122709796454373,5000
original,tracking,PPO_best_550901,speed_saturated_fraction,fraction,106,106,0.0,0.0,0.0,0.0,0.0,5000
original,tracking,PPO_best_550901,soft_limited_fraction,fraction,106,106,0.0,0.0,0.0,0.0,0.0,5000
original,tracking,PPO_best_550901,raw_policy_component_clip_fraction,fraction,106,0,,,,,,0
original,tracking,PPO_best_550901,raw_policy_decisions_with_clip_fraction,fraction,106,0,,,,,,0
original,tracking,PPO_best_550901,u_component_clip_fraction,fraction,106,106,0.0,0.0,0.0,0.0,0.0,5000
original,tracking,PPO_best_550901,u_decisions_with_clip_fraction,fraction,106,106,0.0,0.0,0.0,0.0,0.0,5000
original,tracking,PPO_best_550901,mean_u_abs_rad_s,rad/s,106,106,0.0,0.13296367206841256,0.13296367206841256,0.12201478637067062,0.14435924736331374,5000
original,tracking,PPO_best_550901,provider_mean_s,s/48Hz decision,106,106,1.3358546932422483e-05,0.0002951249607297901,0.0002817664137973676,0.0002674279435029152,0.00029773167967799355,5000
original,tracking,PPO_best_550901,core_mean_s,s/240Hz step,106,106,0.0005507442400014625,0.0005751990922425814,2.4454852241118788e-05,2.2492689546527757e-05,2.6289891588907825e-05,5000
original,tracking,PPO_best_550901,outer_mean_s,s/240Hz step including decision when due,106,106,0.000628543443909798,0.0007066712139320422,7.812777002224416e-05,7.528873157972691e-05,8.107451072519643e-05,5000
original,tracking,PPO_best_551901,max_error_m,m,106,106,4.447238504168592e-05,6.811463854093991e-05,2.3642253499253993e-05,1.4774520754637354e-05,3.05909341282871e-05,5000
original,tracking,PPO_best_551901,rmse_m,m,106,106,3.5213985674226806e-05,4.617676250131337e-05,1.0962776827086575e-05,3.4819882845656902e-06,1.7508728205824124e-05,5000
original,tracking,PPO_best_551901,endpoint_error_m,m,106,106,3.231451682761736e-05,5.765522275136953e-05,2.534070592375217e-05,1.6459426835425592e-05,3.309727254407055e-05,5000
original,tracking,PPO_best_551901,minimum_external_distance_m,m,106,70,0.01949649544551756,0.02601765907331256,0.006521163627794998,0.002648130953375921,0.011721986713043224,5000
original,tracking,PPO_best_551901,minimum_self_distance_m,m,106,106,0.02000906460854515,0.018768004205888162,-0.0012410604026569893,-0.002426963754615466,-0.0005398433944189036,5000
original,tracking,PPO_best_551901,command_smoothness_rms_rad_s2,rad/s^2,106,106,0.03375407606500429,0.4674557598174644,0.43370168375246015,0.18663716230086017,0.7110358489499862,5000
original,tracking,PPO_best_551901,max_actual_arm_velocity_rad_s,rad/s,106,106,0.04082765189118874,0.2686164498830045,0.2277887979918157,0.22282974401939856,0.23329972341018052,5000
original,tracking,PPO_best_551901,speed_saturated_fraction,fraction,106,106,0.0,0.0,0.0,0.0,0.0,5000
original,tracking,PPO_best_551901,soft_limited_fraction,fraction,106,106,0.0,0.0,0.0,0.0,0.0,5000
original,tracking,PPO_best_551901,raw_policy_component_clip_fraction,fraction,106,0,,,,,,0
original,tracking,PPO_best_551901,raw_policy_decisions_with_clip_fraction,fraction,106,0,,,,,,0
original,tracking,PPO_best_551901,u_component_clip_fraction,fraction,106,106,0.0,0.0,0.0,0.0,0.0,5000
original,tracking,PPO_best_551901,u_decisions_with_clip_fraction,fraction,106,106,0.0,0.0,0.0,0.0,0.0,5000
original,tracking,PPO_best_551901,mean_u_abs_rad_s,rad/s,106,106,0.0,0.14621781124601121,0.14621781124601121,0.13526619121267455,0.15708477287348827,5000
original,tracking,PPO_best_551901,provider_mean_s,s/48Hz decision,106,106,1.3358546932422483e-05,0.00029822928462801783,0.0002848707376955953,0.0002697031063622423,0.000302136491512859,5000
original,tracking,PPO_best_551901,core_mean_s,s/240Hz step,106,106,0.0005507442400014625,0.0005773196411166808,2.6575401115218218e-05,2.4167563154086922e-05,2.8207005364446703e-05,5000
original,tracking,PPO_best_551901,outer_mean_s,s/240Hz step including decision when due,106,106,0.000628543443909798,0.0007125942914227672,8.405084751296918e-05,8.08542650664735e-05,8.763786794542877e-05,5000
original,tracking,PPO_best_552901,max_error_m,m,106,106,4.447238504168592e-05,5.1794744607517144e-05,7.322359565831213e-06,2.563580287414753e-06,1.2347076124636307e-05,5000
original,tracking,PPO_best_552901,rmse_m,m,106,106,3.5213985674226806e-05,4.196825517962982e-05,6.754269505403025e-06,2.482888105755185e-06,1.1179686602236655e-05,5000
original,tracking,PPO_best_552901,endpoint_error_m,m,106,106,3.231451682761736e-05,4.022458866286116e-05,7.910071835243802e-06,2.414753356737225e-06,1.3041054247800705e-05,5000
original,tracking,PPO_best_552901,minimum_external_distance_m,m,106,70,0.01949649544551756,0.02585484663385217,0.00635835118833461,0.002680915866264346,0.011458537654622862,5000
original,tracking,PPO_best_552901,minimum_self_distance_m,m,106,106,0.02000906460854515,0.019736996037494178,-0.000272068571050977,-0.0003348110704253907,-0.0001965540649844303,5000
original,tracking,PPO_best_552901,command_smoothness_rms_rad_s2,rad/s^2,106,106,0.03375407606500429,0.11569834106592783,0.08194426500092356,0.04486325613258585,0.12692874046745797,5000
original,tracking,PPO_best_552901,max_actual_arm_velocity_rad_s,rad/s,106,106,0.04082765189118874,0.1519969149548684,0.11116926306367966,0.1010203748441224,0.12382704777172122,5000
original,tracking,PPO_best_552901,speed_saturated_fraction,fraction,106,106,0.0,0.0,0.0,0.0,0.0,5000
original,tracking,PPO_best_552901,soft_limited_fraction,fraction,106,106,0.0,0.0,0.0,0.0,0.0,5000
original,tracking,PPO_best_552901,raw_policy_component_clip_fraction,fraction,106,0,,,,,,0
original,tracking,PPO_best_552901,raw_policy_decisions_with_clip_fraction,fraction,106,0,,,,,,0
original,tracking,PPO_best_552901,u_component_clip_fraction,fraction,106,106,0.0,0.0,0.0,0.0,0.0,5000
original,tracking,PPO_best_552901,u_decisions_with_clip_fraction,fraction,106,106,0.0,0.0,0.0,0.0,0.0,5000
original,tracking,PPO_best_552901,mean_u_abs_rad_s,rad/s,106,106,0.0,0.06348084534154555,0.06348084534154555,0.05960577285275957,0.06873268258772645,5000
original,tracking,PPO_best_552901,provider_mean_s,s/48Hz decision,106,106,1.3358546932422483e-05,0.0002985227418545815,0.000285164194922159,0.00027106988389414513,0.0003012024165147736,5000
original,tracking,PPO_best_552901,core_mean_s,s/240Hz step,106,106,0.0005507442400014625,0.0005681264397539475,1.7382199752485017e-05,1.55152283832338e-05,2.0578554504056297e-05,5000
original,tracking,PPO_best_552901,outer_mean_s,s/240Hz step including decision when due,106,106,0.000628543443909798,0.0007034531437874986,7.490969987770054e-05,7.086801915475948e-05,7.99094972499393e-05,5000
original,APF,PPO_best_550901,max_error_m,m,122,122,5.8865411120633684e-05,6.389711974429802e-05,5.031708623664336e-06,-1.1358285971328639e-05,2.040824268046816e-05,5000
original,APF,PPO_best_550901,rmse_m,m,122,122,4.530292449943333e-05,4.7768167604071485e-05,2.465243104638157e-06,-1.0197178872164097e-05,1.4663741234450253e-05,5000
original,APF,PPO_best_550901,endpoint_error_m,m,122,122,3.6658819000086933e-05,4.495215830115111e-05,8.293339301064172e-06,3.535447425913627e-06,1.3396399645096588e-05,5000
original,APF,PPO_best_550901,minimum_external_distance_m,m,122,86,0.02457053197942281,0.025230586890646164,0.0006600549112233542,-5.900745954161017e-05,0.001622036967372271,5000
original,APF,PPO_best_550901,minimum_self_distance_m,m,122,122,0.019897423689002977,0.019604967917209254,-0.0002924557717937179,-0.00036074706196796653,-0.0002112821211398071,5000
original,APF,PPO_best_550901,command_smoothness_rms_rad_s2,rad/s^2,122,122,0.13322750460795288,0.39044595842661767,0.2572184538186648,0.17398046164808287,0.3422290370400106,5000
original,APF,PPO_best_550901,max_actual_arm_velocity_rad_s,rad/s,122,122,0.1074001439853833,0.24348575560584612,0.1360856116204628,0.09772449275931802,0.17338472485634387,5000
original,APF,PPO_best_550901,speed_saturated_fraction,fraction,122,122,0.0,0.0,0.0,0.0,0.0,5000
original,APF,PPO_best_550901,soft_limited_fraction,fraction,122,122,0.0,0.0,0.0,0.0,0.0,5000
original,APF,PPO_best_550901,raw_policy_component_clip_fraction,fraction,122,0,,,,,,0
original,APF,PPO_best_550901,raw_policy_decisions_with_clip_fraction,fraction,122,0,,,,,,0
original,APF,PPO_best_550901,u_component_clip_fraction,fraction,122,122,0.08321745706479314,0.0,-0.08321745706479314,-0.13448017797392967,-0.04499383116883117,5000
original,APF,PPO_best_550901,u_decisions_with_clip_fraction,fraction,122,122,0.2949112021857923,0.0,-0.2949112021857923,-0.43719760162319643,-0.1692910206718346,5000
original,APF,PPO_best_550901,mean_u_abs_rad_s,rad/s,122,122,0.03433497865705457,0.12994639468082997,0.0956114160237754,0.07427073795112897,0.11649080325679255,5000
original,APF,PPO_best_550901,provider_mean_s,s/48Hz decision,122,122,0.00010391246309020479,0.00029832486340893797,0.00019441240031873317,0.00017379774749122867,0.0002106205040810903,5000
original,APF,PPO_best_550901,core_mean_s,s/240Hz step,122,122,0.0005576642719831491,0.0005772937744858524,1.9629502502703257e-05,1.778290742207256e-05,2.1120366682459767e-05,5000
original,APF,PPO_best_550901,outer_mean_s,s/240Hz step including decision when due,122,122,0.0006593286354965116,0.0007150674227392558,5.573878724274442e-05,4.979004847750763e-05,6.0784058811375914e-05,5000
original,APF,PPO_best_551901,max_error_m,m,121,121,5.8826220513065404e-05,7.075105172498699e-05,1.1924831211921602e-05,-4.870914631865882e-07,2.3073159415669017e-05,5000
original,APF,PPO_best_551901,rmse_m,m,121,121,4.5311350656096906e-05,4.8177627873561624e-05,2.866277217464723e-06,-6.279604687037391e-06,1.0787609347549022e-05,5000
original,APF,PPO_best_551901,endpoint_error_m,m,121,121,3.666293131463508e-05,6.105524936868201e-05,2.439231805404694e-05,1.2153461929667326e-05,3.5319229814572746e-05,5000
original,APF,PPO_best_551901,minimum_external_distance_m,m,121,85,0.024717312309017737,0.02533474607822914,0.0006174337692114105,-7.741061596255614e-05,0.0015331179952758915,5000
original,APF,PPO_best_551901,minimum_self_distance_m,m,121,121,0.01989861142083244,0.01873359674819662,-0.00116501467263582,-0.0025306617479789826,-0.0003845730172593694,5000
original,APF,PPO_best_551901,command_smoothness_rms_rad_s2,rad/s^2,121,121,0.13250094237486193,0.4460663923270385,0.31356544995217667,0.1069705144911189,0.5349106040571933,5000
original,APF,PPO_best_551901,max_actual_arm_velocity_rad_s,rad/s,121,121,0.10659793197472633,0.2697197036889833,0.1631217717142569,0.13760105331769235,0.18787736535387306,5000
original,APF,PPO_best_551901,speed_saturated_fraction,fraction,121,121,0.0,0.0,0.0,0.0,0.0,5000
original,APF,PPO_best_551901,soft_limited_fraction,fraction,121,121,0.0,0.0,0.0,0.0,0.0,5000
original,APF,PPO_best_551901,raw_policy_component_clip_fraction,fraction,121,0,,,,,,0
original,APF,PPO_best_551901,raw_policy_decisions_with_clip_fraction,fraction,121,0,,,,,,0
original,APF,PPO_best_551901,u_component_clip_fraction,fraction,121,121,0.08350550964187325,0.0,-0.08350550964187325,-0.13550973223824783,-0.04497311974307819,5000
original,APF,PPO_best_551901,u_decisions_with_clip_fraction,fraction,121,121,0.29614325068870523,0.0,-0.29614325068870523,-0.43955725202080614,-0.16947428385416666,5000
original,APF,PPO_best_551901,mean_u_abs_rad_s,rad/s,121,121,0.0343491654054863,0.14442132010238054,0.11007215469689424,0.08694039098755431,0.13158362219343944,5000
original,APF,PPO_best_551901,provider_mean_s,s/48Hz decision,121,121,0.0001039600106083556,0.0003018004373112469,0.00019784042670289138,0.00017633132333014036,0.00021532086294431078,5000
original,APF,PPO_best_551901,core_mean_s,s/240Hz step,121,121,0.0005575758631415033,0.0005794787404226225,2.190287728111943e-05,1.9020472716149987e-05,2.4609306988229885e-05,5000
original,APF,PPO_best_551901,outer_mean_s,s/240Hz step including decision when due,121,121,0.000659258383880478,0.0007209979636795263,6.17395797990483e-05,5.500517206621414e-05,6.744879934715899e-05,5000
original,APF,PPO_best_552901,max_error_m,m,123,123,5.88382525892787e-05,5.133445505093648e-05,-7.503797538342214e-06,-1.8228981473500605e-05,2.1161939183147485e-06,5000
original,APF,PPO_best_552901,rmse_m,m,123,123,4.531801999828833e-05,4.1547253056990714e-05,-3.7707669412976175e-06,-1.2686227395623216e-05,4.025237440344084e-06,5000
original,APF,PPO_best_552901,endpoint_error_m,m,123,123,3.672393181683624e-05,3.986627212045645e-05,3.142340303620216e-06,-4.08553103392316e-06,9.613283514931529e-06,5000
original,APF,PPO_best_552901,minimum_external_distance_m,m,123,87,0.024326549777594613,0.02462169207998034,0.0002951423023857271,-2.0841857752326885e-05,0.001041221794137054,5000
original,APF,PPO_best_552901,minimum_self_distance_m,m,123,123,0.01989941405119904,0.01973175942486772,-0.00016765462633131837,-0.00023525088243402266,-9.458705650677863e-05,5000
original,APF,PPO_best_552901,command_smoothness_rms_rad_s2,rad/s^2,123,123,0.13382537456340865,0.11695649858169724,-0.016868875981711433,-0.05033613976878235,0.015518706085954485,5000
original,APF,PPO_best_552901,max_actual_arm_velocity_rad_s,rad/s,123,123,0.10812395036191508,0.14887745343528208,0.04075350307336703,0.011037673908374778,0.06897843240998396,5000
original,APF,PPO_best_552901,speed_saturated_fraction,fraction,123,123,0.0,0.0,0.0,0.0,0.0,5000
original,APF,PPO_best_552901,soft_limited_fraction,fraction,123,123,0.0,0.0,0.0,0.0,0.0,5000
original,APF,PPO_best_552901,raw_policy_component_clip_fraction,fraction,123,0,,,,,,0
original,APF,PPO_best_552901,raw_policy_decisions_with_clip_fraction,fraction,123,0,,,,,,0
original,APF,PPO_best_552901,u_component_clip_fraction,fraction,123,123,0.0850633952768099,0.0,-0.0850633952768099,-0.13679277088153702,-0.046840130960770485,5000
original,APF,PPO_best_552901,u_decisions_with_clip_fraction,fraction,123,123,0.2990768970189702,0.0,-0.2990768970189702,-0.44079781839622645,-0.17409401021337495,5000
original,APF,PPO_best_552901,mean_u_abs_rad_s,rad/s,123,123,0.03480539913792567,0.062309790432186075,0.027504391294260404,0.010954578006919454,0.04239434046179196,5000
original,APF,PPO_best_552901,provider_mean_s,s/48Hz decision,123,123,0.0001050360793302576,0.00030172457512567225,0.00019668849579541464,0.00017535942981778947,0.00021364837746040965,5000
original,APF,PPO_best_552901,core_mean_s,s/240Hz step,123,123,0.0005579116951432746,0.000570128077359477,1.2216382216202374e-05,9.958104111471663e-06,1.5191291205343846e-05,5000
original,APF,PPO_best_552901,outer_mean_s,s/240Hz step including decision when due,123,123,0.0006602263077190195,0.0007121987122695889,5.1972404550569323e-05,4.612303720583106e-05,5.714085527913502e-05,5000
original,PPO_best_550901,PPO_last_550901,max_error_m,m,125,125,6.443183867727553e-05,6.305255057016332e-05,-1.3792881071122255e-06,-7.408402069960368e-06,6.378139862363201e-06,5000
original,PPO_best_550901,PPO_last_550901,rmse_m,m,125,125,4.830905109855255e-05,4.6033631479597154e-05,-2.2754196189553952e-06,-7.287605925478225e-06,3.5450160403705063e-06,5000
original,PPO_best_550901,PPO_last_550901,endpoint_error_m,m,125,125,4.497781286179373e-05,4.7731982808491444e-05,2.7541699466977056e-06,-6.1972347386912875e-06,1.0164544680245198e-05,5000
original,PPO_best_550901,PPO_last_550901,minimum_external_distance_m,m,125,89,0.0246935306083433,0.02462746970348411,-6.606090485919612e-05,-0.0003104421131939197,0.0001705260042879054,5000
original,PPO_best_550901,PPO_last_550901,minimum_self_distance_m,m,125,125,0.019595695422934562,0.01942148669864882,-0.0001742087242857443,-0.00038046825929584414,-4.2547085238765717e-05,5000
original,PPO_best_550901,PPO_last_550901,command_smoothness_rms_rad_s2,rad/s^2,125,125,0.39179774465125805,0.5174724163089197,0.12567467165766166,0.040776565970325696,0.2175486705646958,5000
original,PPO_best_550901,PPO_last_550901,max_actual_arm_velocity_rad_s,rad/s,125,125,0.24202605106680403,0.24067210680247492,-0.001353944264329107,-0.007823119979551617,0.006237631136040674,5000
original,PPO_best_550901,PPO_last_550901,speed_saturated_fraction,fraction,125,125,0.0,0.0,0.0,0.0,0.0,5000
original,PPO_best_550901,PPO_last_550901,soft_limited_fraction,fraction,125,125,0.0,0.0,0.0,0.0,0.0,5000
original,PPO_best_550901,PPO_last_550901,raw_policy_component_clip_fraction,fraction,125,125,0.32654761904761903,0.4966369047619046,0.1700892857142857,0.12278706482023588,0.21600278209109722,5000
original,PPO_best_550901,PPO_last_550901,raw_policy_decisions_with_clip_fraction,fraction,125,125,0.8643333333333333,0.993875,0.1295416666666667,0.02012844611528822,0.2510188683855427,5000
original,PPO_best_550901,PPO_last_550901,u_component_clip_fraction,fraction,125,125,0.0,0.0,0.0,0.0,0.0,5000
original,PPO_best_550901,PPO_last_550901,u_decisions_with_clip_fraction,fraction,125,125,0.0,0.0,0.0,0.0,0.0,5000
original,PPO_best_550901,PPO_last_550901,mean_u_abs_rad_s,rad/s,125,125,0.1303118976328522,0.15176395866570416,0.021452061032851976,0.013088836747882459,0.026732656476916448,5000
original,PPO_best_550901,PPO_last_550901,provider_mean_s,s/48Hz decision,125,125,0.0002984835048591777,0.0002959443326969147,-2.5391721622630327e-06,-5.206755361175902e-06,5.959696391658359e-07,5000
original,PPO_best_550901,PPO_last_550901,core_mean_s,s/240Hz step,125,125,0.0005771840446997279,0.0005782665691778675,1.082524478139631e-06,-1.2474775010481826e-06,3.663320621077576e-06,5000
original,PPO_best_550901,PPO_last_550901,outer_mean_s,s/240Hz step including decision when due,125,125,0.0007145943643739882,0.0007138062413996523,-7.881229743361478e-07,-3.7342478703063146e-06,2.365690078771124e-06,5000
original,PPO_best_551901,PPO_last_551901,max_error_m,m,126,126,7.101855461254571e-05,5.7073112846973296e-05,-1.3945441765572424e-05,-1.853749263726327e-05,-9.3995430794729e-06,5000
original,PPO_best_551901,PPO_last_551901,rmse_m,m,126,126,4.868619422296115e-05,4.227140183911765e-05,-6.414792383843506e-06,-1.2762156252702596e-05,-6.42094484745625e-07,5000
original,PPO_best_551901,PPO_last_551901,endpoint_error_m,m,126,126,6.0474579831019465e-05,4.60371632011424e-05,-1.4437416629877061e-05,-1.8879592718408215e-05,-9.800550569885077e-06,5000
original,PPO_best_551901,PPO_last_551901,minimum_external_distance_m,m,126,90,0.024482981862975026,0.02440341752916481,-7.956433381021314e-05,-0.0006876607889993894,0.000570920464140066,5000
original,PPO_best_551901,PPO_last_551901,minimum_self_distance_m,m,126,126,0.018769435447504763,0.019376256052004902,0.0006068206045001367,8.526569659736791e-05,0.001420672005367089,5000
original,PPO_best_551901,PPO_last_551901,command_smoothness_rms_rad_s2,rad/s^2,126,126,0.4532820655086756,0.4783725503832721,0.025090484874596468,-0.1250168438844433,0.13699728464196048,5000
original,PPO_best_551901,PPO_last_551901,max_actual_arm_velocity_rad_s,rad/s,126,126,0.26935214582744293,0.26515438956483184,-0.00419775626261101,-0.0133547398285747,0.0047182202935436455,5000
original,PPO_best_551901,PPO_last_551901,speed_saturated_fraction,fraction,126,126,0.0,0.0,0.0,0.0,0.0,5000
original,PPO_best_551901,PPO_last_551901,soft_limited_fraction,fraction,126,126,0.0,0.0,0.0,0.0,0.0,5000
original,PPO_best_551901,PPO_last_551901,raw_policy_component_clip_fraction,fraction,126,126,0.45448318216175354,0.5461545729402872,0.09167139077853362,0.03702901977866709,0.1452578040639399,5000
original,PPO_best_551901,PPO_last_551901,raw_policy_decisions_with_clip_fraction,fraction,126,126,0.9984705687830687,0.9861524470899471,-0.012318121693121693,-0.029280291863207544,0.0,5000
original,PPO_best_551901,PPO_last_551901,u_component_clip_fraction,fraction,126,126,0.0,0.0,0.0,0.0,0.0,5000
original,PPO_best_551901,PPO_last_551901,u_decisions_with_clip_fraction,fraction,126,126,0.0,0.0,0.0,0.0,0.0,5000
original,PPO_best_551901,PPO_last_551901,mean_u_abs_rad_s,rad/s,126,126,0.14361682600674525,0.15176081006262723,0.008143984055881947,0.002531208364193162,0.013387669049486269,5000
original,PPO_best_551901,PPO_last_551901,provider_mean_s,s/48Hz decision,126,126,0.00030246437031997803,0.00030238435268077087,-8.001763920715338e-08,-2.758675846712274e-06,2.3084908918128116e-06,5000
original,PPO_best_551901,PPO_last_551901,core_mean_s,s/240Hz step,126,126,0.0005795071356919714,0.0005760979351946473,-3.4092004973240417e-06,-5.670211024158191e-06,-1.3323512048966472e-06,5000
original,PPO_best_551901,PPO_last_551901,outer_mean_s,s/240Hz step including decision when due,126,126,0.0007224958629526628,0.0007189601256754338,-3.5357372772287615e-06,-5.914123305919126e-06,-1.4929075776976837e-06,5000
original,PPO_best_552901,PPO_last_552901,max_error_m,m,125,125,5.07744637109322e-05,9.270212352099024e-05,4.1927659810058024e-05,2.720074743637781e-05,5.5947853853002264e-05,5000
original,PPO_best_552901,PPO_last_552901,rmse_m,m,125,125,4.081029855354563e-05,6.693620084077905e-05,2.6125902287233408e-05,9.912367594947082e-06,4.139301954638235e-05,5000
original,PPO_best_552901,PPO_last_552901,endpoint_error_m,m,125,125,3.892428218784366e-05,8.697374110491402e-05,4.804945891707038e-05,3.1097686963801935e-05,6.389288781732994e-05,5000
original,PPO_best_552901,PPO_last_552901,minimum_external_distance_m,m,125,89,0.02369772095199751,0.023834437903232107,0.00013671695123459996,-0.0010755050797990986,0.0011169118201132002,5000
original,PPO_best_552901,PPO_last_552901,minimum_self_distance_m,m,125,125,0.019741334753244133,0.018154990430850487,-0.0015863443223936469,-0.003452656644163299,-0.00035463194507535966,5000
original,PPO_best_552901,PPO_last_552901,command_smoothness_rms_rad_s2,rad/s^2,125,125,0.11337488876697847,0.41816490303726483,0.3047900142702863,0.1809322576163685,0.4318415063450594,5000
original,PPO_best_552901,PPO_last_552901,max_actual_arm_velocity_rad_s,rad/s,125,125,0.14856158666046718,0.27061707910541705,0.12205549244494981,0.1038508454675882,0.1375809815097628,5000
original,PPO_best_552901,PPO_last_552901,speed_saturated_fraction,fraction,125,125,0.0,0.0,0.0,0.0,0.0,5000
original,PPO_best_552901,PPO_last_552901,soft_limited_fraction,fraction,125,125,0.0,0.0,0.0,0.0,0.0,5000
original,PPO_best_552901,PPO_last_552901,raw_policy_component_clip_fraction,fraction,125,125,0.06479761904761903,0.595142857142857,0.530345238095238,0.46360277428172586,0.5957990662466227,5000
original,PPO_best_552901,PPO_last_552901,raw_policy_decisions_with_clip_fraction,fraction,125,125,0.4380833333333333,0.9993333333333333,0.56125,0.2970124281377606,0.8245838657689959,5000
original,PPO_best_552901,PPO_last_552901,u_component_clip_fraction,fraction,125,125,0.0,0.0,0.0,0.0,0.0,5000
original,PPO_best_552901,PPO_last_552901,u_decisions_with_clip_fraction,fraction,125,125,0.0,0.0,0.0,0.0,0.0,5000
original,PPO_best_552901,PPO_last_552901,mean_u_abs_rad_s,rad/s,125,125,0.062414942270590384,0.16392389879281397,0.10150895652222361,0.09128755835448306,0.10989992599882584,5000
original,PPO_best_552901,PPO_last_552901,provider_mean_s,s/48Hz decision,125,125,0.00030228378119985186,0.00030646051727429343,4.176736074441579e-06,1.4540609916158442e-06,6.773279725693602e-06,5000
original,PPO_best_552901,PPO_last_552901,core_mean_s,s/240Hz step,125,125,0.000570052910682595,0.0005826901327371162,1.2637222054521166e-05,8.96357347452419e-06,1.5275259631442205e-05,5000
original,PPO_best_552901,PPO_last_552901,outer_mean_s,s/240Hz step including decision when due,125,125,0.0007131474689010549,0.0007267148358255021,1.3567366924447319e-05,9.6822675479002e-06,1.6361117399604383e-05,5000
