dataset,method,stratum_type,stratum,n,successes,success_rate,external_collision_band,self_collision_band,other_failures
original,tracking,category,far,36,36,1.0,0,0,0
original,tracking,category,near_link,62,52,0.8387096774193549,10,0,0
original,tracking,category,tight_layout,33,18,0.5454545454545454,15,0,0
original,tracking,template_group,formal-g003,12,12,1.0,0,0,0
original,tracking,template_group,formal-g006,2,1,0.5,1,0,0
original,tracking,template_group,formal-g009,6,4,0.6666666666666666,2,0,0
original,tracking,template_group,formal-g010,12,12,1.0,0,0,0
original,tracking,template_group,formal-g013,12,9,0.75,3,0,0
original,tracking,template_group,formal-g015,12,12,1.0,0,0,0
original,tracking,template_group,formal-g021,12,12,1.0,0,0,0
original,tracking,template_group,formal-g022,2,2,1.0,0,0,0
original,tracking,template_group,formal-g024,12,3,0.25,9,0,0
original,tracking,template_group,formal-g026,1,1,1.0,0,0,0
original,tracking,template_group,formal-g028,3,2,0.6666666666666666,1,0,0
original,tracking,template_group,formal-g032,1,0,0.0,1,0,0
original,tracking,template_group,formal-g033,8,4,0.5,4,0,0
original,tracking,template_group,formal-g034,1,1,1.0,0,0,0
original,tracking,template_group,formal-g040,12,12,1.0,0,0,0
original,tracking,template_group,formal-g044,5,4,0.8,1,0,0
original,tracking,template_group,formal-g051,11,10,0.9090909090909091,1,0,0
original,tracking,template_group,formal-g053,1,1,1.0,0,0,0
original,tracking,template_group,formal-g054,4,2,0.5,2,0,0
original,tracking,template_group,formal-g057,2,2,1.0,0,0,0
original,APF,category,far,36,36,1.0,0,0,0
original,APF,category,near_link,62,57,0.9193548387096774,5,0,0
original,APF,category,tight_layout,33,30,0.9090909090909091,3,0,0
original,APF,template_group,formal-g003,12,12,1.0,0,0,0
original,APF,template_group,formal-g006,2,2,1.0,0,0,0
original,APF,template_group,formal-g009,6,6,1.0,0,0,0
original,APF,template_group,formal-g010,12,12,1.0,0,0,0
original,APF,template_group,formal-g013,12,12,1.0,0,0,0
original,APF,template_group,formal-g015,12,12,1.0,0,0,0
original,APF,template_group,formal-g021,12,12,1.0,0,0,0
original,APF,template_group,formal-g022,2,2,1.0,0,0,0
original,APF,template_group,formal-g024,12,12,1.0,0,0,0
original,APF,template_group,formal-g026,1,1,1.0,0,0,0
original,APF,template_group,formal-g028,3,3,1.0,0,0,0
original,APF,template_group,formal-g032,1,1,1.0,0,0,0
original,APF,template_group,formal-g033,8,3,0.375,5,0,0
original,APF,template_group,formal-g034,1,1,1.0,0,0,0
original,APF,template_group,formal-g040,12,12,1.0,0,0,0
original,APF,template_group,formal-g044,5,3,0.6,2,0,0
original,APF,template_group,formal-g051,11,11,1.0,0,0,0
original,APF,template_group,formal-g053,1,1,1.0,0,0,0
original,APF,template_group,formal-g054,4,3,0.75,1,0,0
original,APF,template_group,formal-g057,2,2,1.0,0,0,0
original,PPO_best_550901,category,far,36,36,1.0,0,0,0
original,PPO_best_550901,category,near_link,62,62,1.0,0,0,0
original,PPO_best_550901,category,tight_layout,33,31,0.9393939393939394,2,0,0
original,PPO_best_550901,template_group,formal-g003,12,12,1.0,0,0,0
original,PPO_best_550901,template_group,formal-g006,2,2,1.0,0,0,0
original,PPO_best_550901,template_group,formal-g009,6,6,1.0,0,0,0
original,PPO_best_550901,template_group,formal-g010,12,12,1.0,0,0,0
original,PPO_best_550901,template_group,formal-g013,12,12,1.0,0,0,0
original,PPO_best_550901,template_group,formal-g015,12,12,1.0,0,0,0
original,PPO_best_550901,template_group,formal-g021,12,12,1.0,0,0,0
original,PPO_best_550901,template_group,formal-g022,2,2,1.0,0,0,0
original,PPO_best_550901,template_group,formal-g024,12,12,1.0,0,0,0
original,PPO_best_550901,template_group,formal-g026,1,1,1.0,0,0,0
original,PPO_best_550901,template_group,formal-g028,3,3,1.0,0,0,0
original,PPO_best_550901,template_group,formal-g032,1,0,0.0,1,0,0
original,PPO_best_550901,template_group,formal-g033,8,8,1.0,0,0,0
original,PPO_best_550901,template_group,formal-g034,1,1,1.0,0,0,0
original,PPO_best_550901,template_group,formal-g040,12,12,1.0,0,0,0
original,PPO_best_550901,template_group,formal-g044,5,5,1.0,0,0,0
original,PPO_best_550901,template_group,formal-g051,11,11,1.0,0,0,0
original,PPO_best_550901,template_group,formal-g053,1,1,1.0,0,0,0
original,PPO_best_550901,template_group,formal-g054,4,3,0.75,1,0,0
original,PPO_best_550901,template_group,formal-g057,2,2,1.0,0,0,0
original,PPO_best_551901,category,far,36,36,1.0,0,0,0
original,PPO_best_551901,category,near_link,62,60,0.967741935483871,2,0,0
original,PPO_best_551901,category,tight_layout,33,31,0.9393939393939394,1,1,0
original,PPO_best_551901,template_group,formal-g003,12,12,1.0,0,0,0
original,PPO_best_551901,template_group,formal-g006,2,2,1.0,0,0,0
original,PPO_best_551901,template_group,formal-g009,6,5,0.8333333333333334,0,1,0
original,PPO_best_551901,template_group,formal-g010,12,12,1.0,0,0,0
original,PPO_best_551901,template_group,formal-g013,12,12,1.0,0,0,0
original,PPO_best_551901,template_group,formal-g015,12,12,1.0,0,0,0
original,PPO_best_551901,template_group,formal-g021,12,12,1.0,0,0,0
original,PPO_best_551901,template_group,formal-g022,2,2,1.0,0,0,0
original,PPO_best_551901,template_group,formal-g024,12,12,1.0,0,0,0
original,PPO_best_551901,template_group,formal-g026,1,1,1.0,0,0,0
original,PPO_best_551901,template_group,formal-g028,3,3,1.0,0,0,0
original,PPO_best_551901,template_group,formal-g032,1,0,0.0,1,0,0
original,PPO_best_551901,template_group,formal-g033,8,6,0.75,2,0,0
original,PPO_best_551901,template_group,formal-g034,1,1,1.0,0,0,0
original,PPO_best_551901,template_group,formal-g040,12,12,1.0,0,0,0
original,PPO_best_551901,template_group,formal-g044,5,5,1.0,0,0,0
original,PPO_best_551901,template_group,formal-g051,11,11,1.0,0,0,0
original,PPO_best_551901,template_group,formal-g053,1,1,1.0,0,0,0
original,PPO_best_551901,template_group,formal-g054,4,4,1.0,0,0,0
original,PPO_best_551901,template_group,formal-g057,2,2,1.0,0,0,0
original,PPO_best_552901,category,far,36,36,1.0,0,0,0
original,PPO_best_552901,category,near_link,62,62,1.0,0,0,0
original,PPO_best_552901,category,tight_layout,33,33,1.0,0,0,0
original,PPO_best_552901,template_group,formal-g003,12,12,1.0,0,0,0
original,PPO_best_552901,template_group,formal-g006,2,2,1.0,0,0,0
original,PPO_best_552901,template_group,formal-g009,6,6,1.0,0,0,0
original,PPO_best_552901,template_group,formal-g010,12,12,1.0,0,0,0
original,PPO_best_552901,template_group,formal-g013,12,12,1.0,0,0,0
original,PPO_best_552901,template_group,formal-g015,12,12,1.0,0,0,0
original,PPO_best_552901,template_group,formal-g021,12,12,1.0,0,0,0
original,PPO_best_552901,template_group,formal-g022,2,2,1.0,0,0,0
original,PPO_best_552901,template_group,formal-g024,12,12,1.0,0,0,0
original,PPO_best_552901,template_group,formal-g026,1,1,1.0,0,0,0
original,PPO_best_552901,template_group,formal-g028,3,3,1.0,0,0,0
original,PPO_best_552901,template_group,formal-g032,1,1,1.0,0,0,0
original,PPO_best_552901,template_group,formal-g033,8,8,1.0,0,0,0
original,PPO_best_552901,template_group,formal-g034,1,1,1.0,0,0,0
original,PPO_best_552901,template_group,formal-g040,12,12,1.0,0,0,0
original,PPO_best_552901,template_group,formal-g044,5,5,1.0,0,0,0
original,PPO_best_552901,template_group,formal-g051,11,11,1.0,0,0,0
original,PPO_best_552901,template_group,formal-g053,1,1,1.0,0,0,0
original,PPO_best_552901,template_group,formal-g054,4,4,1.0,0,0,0
original,PPO_best_552901,template_group,formal-g057,2,2,1.0,0,0,0
original,PPO_last_550901,category,far,36,36,1.0,0,0,0
original,PPO_last_550901,category,near_link,62,61,0.9838709677419355,1,0,0
original,PPO_last_550901,category,tight_layout,33,28,0.8484848484848485,5,0,0
original,PPO_last_550901,template_group,formal-g003,12,12,1.0,0,0,0
original,PPO_last_550901,template_group,formal-g006,2,2,1.0,0,0,0
original,PPO_last_550901,template_group,formal-g009,6,6,1.0,0,0,0
original,PPO_last_550901,template_group,formal-g010,12,12,1.0,0,0,0
original,PPO_last_550901,template_group,formal-g013,12,12,1.0,0,0,0
original,PPO_last_550901,template_group,formal-g015,12,12,1.0,0,0,0
original,PPO_last_550901,template_group,formal-g021,12,12,1.0,0,0,0
original,PPO_last_550901,template_group,formal-g022,2,2,1.0,0,0,0
original,PPO_last_550901,template_group,formal-g024,12,11,0.9166666666666666,1,0,0
original,PPO_last_550901,template_group,formal-g026,1,1,1.0,0,0,0
original,PPO_last_550901,template_group,formal-g028,3,2,0.6666666666666666,1,0,0
original,PPO_last_550901,template_group,formal-g032,1,0,0.0,1,0,0
original,PPO_last_550901,template_group,formal-g033,8,8,1.0,0,0,0
original,PPO_last_550901,template_group,formal-g034,1,1,1.0,0,0,0
original,PPO_last_550901,template_group,formal-g040,12,12,1.0,0,0,0
original,PPO_last_550901,template_group,formal-g044,5,3,0.6,2,0,0
original,PPO_last_550901,template_group,formal-g051,11,11,1.0,0,0,0
original,PPO_last_550901,template_group,formal-g053,1,1,1.0,0,0,0
original,PPO_last_550901,template_group,formal-g054,4,3,0.75,1,0,0
original,PPO_last_550901,template_group,formal-g057,2,2,1.0,0,0,0
original,PPO_last_551901,category,far,36,36,1.0,0,0,0
original,PPO_last_551901,category,near_link,62,62,1.0,0,0,0
original,PPO_last_551901,category,tight_layout,33,31,0.9393939393939394,2,0,0
original,PPO_last_551901,template_group,formal-g003,12,12,1.0,0,0,0
original,PPO_last_551901,template_group,formal-g006,2,2,1.0,0,0,0
original,PPO_last_551901,template_group,formal-g009,6,6,1.0,0,0,0
original,PPO_last_551901,template_group,formal-g010,12,12,1.0,0,0,0
original,PPO_last_551901,template_group,formal-g013,12,12,1.0,0,0,0
original,PPO_last_551901,template_group,formal-g015,12,12,1.0,0,0,0
original,PPO_last_551901,template_group,formal-g021,12,12,1.0,0,0,0
original,PPO_last_551901,template_group,formal-g022,2,2,1.0,0,0,0
original,PPO_last_551901,template_group,formal-g024,12,12,1.0,0,0,0
original,PPO_last_551901,template_group,formal-g026,1,1,1.0,0,0,0
original,PPO_last_551901,template_group,formal-g028,3,3,1.0,0,0,0
original,PPO_last_551901,template_group,formal-g032,1,0,0.0,1,0,0
original,PPO_last_551901,template_group,formal-g033,8,8,1.0,0,0,0
original,PPO_last_551901,template_group,formal-g034,1,1,1.0,0,0,0
original,PPO_last_551901,template_group,formal-g040,12,12,1.0,0,0,0
original,PPO_last_551901,template_group,formal-g044,5,5,1.0,0,0,0
original,PPO_last_551901,template_group,formal-g051,11,11,1.0,0,0,0
original,PPO_last_551901,template_group,formal-g053,1,1,1.0,0,0,0
original,PPO_last_551901,template_group,formal-g054,4,3,0.75,1,0,0
original,PPO_last_551901,template_group,formal-g057,2,2,1.0,0,0,0
original,PPO_last_552901,category,far,36,36,1.0,0,0,0
original,PPO_last_552901,category,near_link,62,62,1.0,0,0,0
original,PPO_last_552901,category,tight_layout,33,27,0.8181818181818182,2,4,0
original,PPO_last_552901,template_group,formal-g003,12,12,1.0,0,0,0
original,PPO_last_552901,template_group,formal-g006,2,2,1.0,0,0,0
original,PPO_last_552901,template_group,formal-g009,6,2,0.3333333333333333,0,4,0
original,PPO_last_552901,template_group,formal-g010,12,12,1.0,0,0,0
original,PPO_last_552901,template_group,formal-g013,12,12,1.0,0,0,0
original,PPO_last_552901,template_group,formal-g015,12,12,1.0,0,0,0
original,PPO_last_552901,template_group,formal-g021,12,12,1.0,0,0,0
original,PPO_last_552901,template_group,formal-g022,2,2,1.0,0,0,0
original,PPO_last_552901,template_group,formal-g024,12,12,1.0,0,0,0
original,PPO_last_552901,template_group,formal-g026,1,1,1.0,0,0,0
original,PPO_last_552901,template_group,formal-g028,3,3,1.0,0,0,0
original,PPO_last_552901,template_group,formal-g032,1,0,0.0,1,0,0
original,PPO_last_552901,template_group,formal-g033,8,8,1.0,0,0,0
original,PPO_last_552901,template_group,formal-g034,1,1,1.0,0,0,0
original,PPO_last_552901,template_group,formal-g040,12,12,1.0,0,0,0
original,PPO_last_552901,template_group,formal-g044,5,5,1.0,0,0,0
original,PPO_last_552901,template_group,formal-g051,11,11,1.0,0,0,0
original,PPO_last_552901,template_group,formal-g053,1,1,1.0,0,0,0
original,PPO_last_552901,template_group,formal-g054,4,3,0.75,1,0,0
original,PPO_last_552901,template_group,formal-g057,2,2,1.0,0,0,0
