method,role,seed,checkpoint,model_SHA256,scene_id,geometry,template_group,success,failure_category,failure_reason,failure_phase,first_failure_time_s,completed_fraction,max_error_m,rmse_m,endpoint_error_m,minimum_external_distance_m,minimum_self_distance_m,external_censored_states,self_censored_states,command_smoothness_rms_rad_s2,max_actual_arm_velocity_rad_s,speed_saturated_fraction,soft_limited_fraction,raw_policy_component_clip_fraction,raw_policy_decisions_with_clip_fraction,u_component_clip_fraction,u_decisions_with_clip_fraction,mean_u_abs_rad_s,joint_resets_during_motion,obstacle_contact_band,obstacle_negative_penetration,obstacle_buffer,self_contact_band,self_negative_penetration,self_buffer,obstacle_negative_distance,self_negative_distance,hard_position_violation,actual_speed_violation,tracking_error_violation,non_finite_state,provider_mean_s,core_mean_s,outer_mean_s,scene_load_wall_s,settle_wall_s,setup_including_settle_wall_s,whole_episode_wall_s
tracking,supplemental_primary,,,,me5418-supplement-v1-0001,near_link,supplement-g001,False,external_collision_band,related_collision:obstacle,tracking,2.1083333333333334,0.5270833333333333,5.6701568838207526e-05,4.349636630926669e-05,,8.375812241161185e-05,0.02004922330118491,0,0,0.03425759052654415,0.03887593777370052,0.0,0.0,,,0.0,0.0,0.0,0,1,0,507,0,0,507,0,0,0,0,0,0,1.3877951263851833e-05,0.0005715198874341971,0.0007098619509216862,0.05997958799707703,0.08341236200067215,0.14422868998371996,0.5493654349993449
tracking,supplemental_primary,,,,me5418-supplement-v1-0022,tight_layout,supplement-g022,False,external_collision_band,related_collision:obstacle,tracking,3.1791666666666667,0.7947916666666667,4.722781278938636e-05,3.9774471863515115e-05,,9.478046970521486e-05,0.01996517380777149,0,0,0.04416039589531359,0.06594300042425236,0.0,0.0,,,0.0,0.0,0.0,0,1,0,764,0,0,764,0,0,0,0,0,0,1.4320764427371566e-05,0.0005743741914144745,0.0006862434949622115,0.05233449299703352,0.08087531197816133,0.13403366302372888,0.724291471997276
tracking,supplemental_primary,,,,me5418-supplement-v1-0090,near_link,supplement-g018,False,external_collision_band,related_collision:obstacle,tracking,1.3291666666666666,0.33229166666666665,3.9756210914967244e-05,3.2265832738078536e-05,,8.41305969867881e-05,0.020154933643945418,0,0,0.05367933588025592,0.03837163949491418,0.0,0.0,,,0.0,0.0,0.0,0,1,0,320,0,0,320,0,0,0,0,0,0,1.3307953395269578e-05,0.0005507388085215922,0.0006331788110663548,0.05486907600425184,0.07807019501342438,0.13374394198763184,0.3694795269984752
tracking,supplemental_primary,,,,me5418-supplement-v1-0112,near_link,supplement-g016,False,external_collision_band,related_collision:obstacle,tracking,3.125,0.78125,3.472173212903395e-05,2.8254173772014093e-05,,6.289181372558933e-05,0.019823049356009002,0,0,0.05306296869195588,0.07673999555098501,0.0,0.0,,,0.0,0.0,0.0,0,1,0,740,0,0,751,0,0,0,0,0,0,1.3705732805343965e-05,0.0005688889536929006,0.0007055302717878173,0.053022706997580826,0.07996202001231723,0.13379176199669018,0.7285927000048105
tracking,supplemental_primary,,,,me5418-supplement-v1-0114,near_link,supplement-g018,False,external_collision_band,related_collision:obstacle,tracking,2.1291666666666664,0.5322916666666666,3.8871689866121417e-05,3.381363130685609e-05,,5.0442818945582724e-05,0.02007628573866419,0,0,0.050028489959195524,0.060358184557589636,0.0,0.0,,,0.0,0.0,0.0,0,1,0,512,0,0,512,0,0,0,0,0,0,1.325795073197811e-05,0.0005491539232666128,0.0006190929451930918,0.0548507210041862,0.07786824999493547,0.13352889200905338,0.4968787420075387
tracking,supplemental_primary,,,,me5418-supplement-v1-0129,tight_layout,supplement-g009,False,external_collision_band,related_collision:obstacle,tracking,3.1041666666666665,0.7760416666666666,2.9151722278547457e-05,2.5715211775676728e-05,,6.98684677595332e-05,0.01982884405034075,0,0,0.05338161806603702,0.067169096476604,0.0,0.0,,,0.0,0.0,0.0,0,1,0,746,0,0,746,0,0,0,0,0,0,1.3999147739123879e-05,0.0005723462724861307,0.0007080083708247583,0.05438555698492564,0.08120726299239323,0.136416306020692,0.7275274189887568
tracking,supplemental_primary,,,,me5418-supplement-v1-0165,near_link,supplement-g021,False,external_collision_band,related_collision:obstacle,tracking,1.1166666666666667,0.2791666666666667,4.8623067664325374e-05,3.4425197965438696e-05,,8.840044727802948e-05,0.020140068503184942,0,0,0.056430205876326946,0.04769881481556357,0.0,0.0,,,0.0,0.0,0.0,0,1,0,269,0,0,269,0,0,0,0,0,0,1.379160837839461e-05,0.0005688486083666099,0.0006855826246301963,0.053123297984711826,0.08074950898298994,0.1346979759982787,0.34911563398782164
APF_fixed,supplemental_primary,,,,me5418-supplement-v1-0074,tight_layout,supplement-g002,False,external_collision_band,related_collision:obstacle,tracking,0.7166666666666667,0.17916666666666667,9.970670668536399e-05,7.62965478548863e-05,,8.844545263860665e-05,0.020154933643945418,0,0,0.14127155701198343,0.05365904148823891,0.0,0.0,,,0.5714285714285715,1.0,0.14089583052580326,0,1,0,173,0,0,173,0,0,0,0,0,0,0.00014836685815160827,0.0005749333553424993,0.0007262090630531528,0.05335082099190913,0.08044491801410913,0.13461909399484284,0.2855576490110252
PPO_best_550901,primary,550901,best,520f129a30003fc360012af7b9c5b0cd372ed0aabe3d2cb4888b1365b126e821,me5418-supplement-v1-0073,near_link,supplement-g001,False,external_collision_band,related_collision:obstacle,tracking,0.7041666666666666,0.17604166666666665,2.8045335832545983e-05,1.846948796529965e-05,,9.159379271396484e-05,0.0200669059748518,0,0,0.30973530104816527,0.12058536699493855,0.0,0.0,0.0,0.0,0.0,0.0,0.06593067502023793,0,1,0,170,0,0,170,0,0,0,0,0,0,0.00032874364286031136,0.0005866119348080333,0.0007912012829015461,0.0527909459779039,0.08278781099943444,0.13651039500837214,0.29671907899319194
PPO_best_550901,primary,550901,best,520f129a30003fc360012af7b9c5b0cd372ed0aabe3d2cb4888b1365b126e821,me5418-supplement-v1-0112,near_link,supplement-g016,False,external_collision_band,related_collision:obstacle,tracking,2.158333333333333,0.5395833333333333,4.421257551357306e-05,3.0400697236900316e-05,,5.1796426780999216e-05,0.019921344593822117,0,0,0.15085333244536375,0.2235810009553239,0.0,0.0,0.46840659340659335,1.0,0.0,0.0,0.1556533742122925,0,1,0,446,0,0,519,0,0,0,0,0,0,0.00032601785502405476,0.0005808605485043801,0.0007790189700378249,0.05253808799898252,0.08070295900688507,0.13408526097191498,0.592152333992999
PPO_best_551901,primary,551901,best,7978ae761181ede0728abb489d6c7b28755901e1065a2e3fded950d0eee8c20c,me5418-supplement-v1-0001,near_link,supplement-g001,False,external_collision_band,related_collision:obstacle,tracking,2.8041666666666667,0.7010416666666667,6.923265255241544e-05,5.9440567492521095e-05,,9.405640700890783e-05,0.019747718000920136,0,0,0.3911474534788523,0.1999409594236235,0.0,0.0,0.2857142857142856,1.0,0.0,0.0,0.09128813278343942,0,1,0,674,0,0,674,0,0,0,0,0,0,0.00032365489643308574,0.000585016821228095,0.0007834048460588484,0.05348744901129976,0.0822414510184899,0.13657826400594786,0.7310593260044698
PPO_best_551901,primary,551901,best,7978ae761181ede0728abb489d6c7b28755901e1065a2e3fded950d0eee8c20c,me5418-supplement-v1-0073,near_link,supplement-g001,False,external_collision_band,related_collision:obstacle,tracking,2.845833333333333,0.7114583333333333,8.409780645579158e-05,7.1774316619971e-05,,9.169912355785209e-05,0.019446027807907773,0,0,0.14542331860081747,0.19994079355302335,0.0,0.0,0.2846715328467152,1.0,0.0,0.0,0.10518608828686077,0,1,0,684,0,0,684,0,0,0,0,0,0,0.00032051636630934355,0.0005852269843690462,0.0007834003774291054,0.05356203400879167,0.08295153500512242,0.13733667202177458,0.741055728023639
PPO_best_552901,primary,552901,best,559e8bdcf13b3db82b2d6bd8055c35b3a0c4c3d288bc569a32c6234a90b0e098,me5418-supplement-v1-0001,near_link,supplement-g001,False,external_collision_band,related_collision:obstacle,tracking,1.6333333333333333,0.4083333333333333,7.247418612873609e-05,5.8137600787268495e-05,,9.146517607936527e-05,0.020133811106608786,0,0,0.045304475880991554,0.06068279135666344,0.0,0.0,0.0,0.0,0.0,0.0,0.031158372521346563,0,1,0,393,0,0,393,0,0,0,0,0,0,0.0003380913554861717,0.0005842738308051686,0.0007886448575864422,0.0545259740028996,0.08248304002336226,0.13790475399582647,0.4931759950122796
