scene_id,template_group,geometry,status,rejection_reasons,attempts,attempt_successes,parameter_SHA256
me5418-supplement-v1-0000,supplement-g000,far,accepted,,1,1,c82e5b05fcffba5c0ce52e801ad361241018409d89a9345394e9bb69cf0ef5e2
me5418-supplement-v1-0001,supplement-g001,near_link,accepted,,1,1,7ebc9ecb4506bb073d029e9e3e60e7f7b5c1a24df053678fef8522c621fd4a14
me5418-supplement-v1-0002,supplement-g002,tight_layout,geometry_rejected,initialization_failure:related_collision:obstacle;initial_gap_below_2mm,0,0,9582b7432bde82f55391f7640bc2b105e0a4a85f41c1e5407f158df75a6d720e
me5418-supplement-v1-0003,supplement-g003,near_link,geometry_rejected,initialization_failure:related_collision:obstacle;initial_gap_below_2mm,0,0,92088b8a8f663a474096bc4afd42acf0e397181382dc3de19b72df6c38d60a76
me5418-supplement-v1-0004,supplement-g004,tight_layout,geometry_rejected,initialization_failure:related_collision:obstacle;initial_gap_below_2mm,0,0,703748a1759062482fdfa44c5b424a85a0adaf7349bdd44d82912c46b38533a6
me5418-supplement-v1-0005,supplement-g005,far,accepted,,1,1,82dee8f11eab27d4c7c3b67d26a296545104abe87c20199bc9942a8c4317ab0e
me5418-supplement-v1-0006,supplement-g006,near_link,accepted,,1,1,a4bf0348328161d30f8657d546bd4a66c2d1d68c53ae0454e934ff25ef458fb5
me5418-supplement-v1-0007,supplement-g007,tight_layout,geometry_rejected,initialization_failure:related_collision:obstacle;initial_gap_below_2mm,0,0,e24e8636fbc39c44714bcb90efb05cbb5f10e5db11862428ccef073578080151
me5418-supplement-v1-0008,supplement-g008,near_link,geometry_rejected,initialization_failure:related_collision:obstacle;initial_gap_below_2mm,0,0,91d1057a2cca5591ddfc530088504cd6e095844e1fc48a6528593724c0f374be
me5418-supplement-v1-0009,supplement-g009,tight_layout,geometry_rejected,initialization_failure:related_collision:obstacle;initial_gap_below_2mm,0,0,c2397148f2cbdc0206ba8e693231bd0b3eee81ab8ee8c4a95fe7b040c0c61c32
me5418-supplement-v1-0010,supplement-g010,far,accepted,,1,1,f0e599f80db2d669d35d3302c3c14d0f85b5c7d9fec5dca136c3521b603a8bb0
me5418-supplement-v1-0011,supplement-g011,near_link,accepted,,1,1,5461b6116adc9b2a180fd17be7a6612dc6a708d0ede62ea526147f0f4faa69db
me5418-supplement-v1-0012,supplement-g012,tight_layout,geometry_rejected,initialization_failure:related_collision:obstacle;initial_gap_below_2mm,0,0,56e53391867356096bc462d53eedf8170525208deb0c52f47fc54a87a31fb2e3
me5418-supplement-v1-0013,supplement-g013,near_link,accepted,,1,1,6579181a128b6bd0eb54ab7c9854fb3e9326b55f873687b21f9e4c77064d8dc0
me5418-supplement-v1-0014,supplement-g014,tight_layout,geometry_rejected,initialization_failure:related_collision:obstacle;initial_gap_below_2mm,0,0,a947e8262547c1112566600345def4f1f0dce41896cad4eba4c19e904be1f4e0
me5418-supplement-v1-0015,supplement-g015,far,accepted,,1,1,fc16117557de00d64d1af2ff459035023912bc8648890276037dea7c898ea9e8
me5418-supplement-v1-0016,supplement-g016,near_link,geometry_rejected,initialization_failure:related_collision:obstacle;initial_gap_below_2mm,0,0,178f0278af49629ffc39ca61a52dcc68e341a5798b33481baa201499007200e7
me5418-supplement-v1-0017,supplement-g017,tight_layout,geometry_rejected,initialization_failure:related_collision:obstacle;initial_gap_below_2mm,0,0,60e91ffc457b31af26f0f00a23975b43ad6387200054f16058a5e6bc841c9214
me5418-supplement-v1-0018,supplement-g018,near_link,accepted,,1,1,7c2e1eed0fb1f259655ad4db88334c796cf62769b5070e4b8de35c87e68ef9b4
me5418-supplement-v1-0019,supplement-g019,tight_layout,geometry_rejected,initialization_failure:related_collision:obstacle;initial_gap_below_2mm,0,0,b517b7966e0eefd8ba599c0aa644443f17393d83ecf8b39b94971c13d0c41f11
me5418-supplement-v1-0020,supplement-g020,far,accepted,,1,1,6960db1ef3e9e71d2c65b7f20a8baad82bef5038e1dcc5018cd593fcb3373d22
me5418-supplement-v1-0021,supplement-g021,near_link,accepted,,1,1,afe2b0ab5edff4bebddff543121458a61606e95c9392aa04d4a35fe3cd8c1fdb
me5418-supplement-v1-0022,supplement-g022,tight_layout,accepted,,1,1,7ba4f9b42886f859e8768c644c69cdcab8c9184c446f0f1fed99dea2be16c839
me5418-supplement-v1-0023,supplement-g023,near_link,accepted,,1,1,c54a6307060307f2cf02e65cd315fda4a8237a0fab349acab1a449eb69d20c4e
me5418-supplement-v1-0024,supplement-g000,far,accepted,,1,1,6a1f4f5b3736cfc4d39f79de0c36924ed6139b939a09d8d03d1557febb6d7290
me5418-supplement-v1-0025,supplement-g001,near_link,geometry_rejected,initialization_failure:related_collision:obstacle;initial_gap_below_2mm,0,0,43fd13755025ec28cf8c410c9e5bbde660c4f57817dc8fe91746e5e3f782aea1
me5418-supplement-v1-0026,supplement-g002,tight_layout,geometry_rejected,initialization_failure:related_collision:obstacle;initial_gap_below_2mm,0,0,1ea904a55c19ea0cfe23633a18a0f9900d8877dc605524eade44880fcd1e3ad0
me5418-supplement-v1-0027,supplement-g003,near_link,accepted,,1,1,56d653a0d024680c9988b871cf0c9d7251e963cfa63a8799f004f46a324b0079
me5418-supplement-v1-0028,supplement-g004,tight_layout,geometry_rejected,initialization_failure:related_collision:obstacle;initial_gap_below_2mm,0,0,df23bd8a08d1d0f2a3f6d93b916f28d25a44dd212e0413905a4d2b65812990a5
me5418-supplement-v1-0029,supplement-g005,far,accepted,,1,1,2452b1bf405730f68e58219cb3a1c2ff53e63db5e069da9802fe94934f711c79
me5418-supplement-v1-0030,supplement-g006,near_link,accepted,,1,1,8b6e520cbb85317f1126e230cb18f84e88bb9ce65280cdf01ec78aa06af1ec7a
me5418-supplement-v1-0031,supplement-g007,tight_layout,geometry_rejected,initialization_failure:related_collision:obstacle;initial_gap_below_2mm,0,0,b1883097d7523f2ff606b12c99f4acd84faa3d3e600f46ac8b8248b1e33aa5e2
me5418-supplement-v1-0032,supplement-g008,near_link,geometry_rejected,initialization_failure:related_collision:obstacle;initial_gap_below_2mm,0,0,950f3d3c39094aa53ad117ced1601adc652da6c19fc75ff4e07b5e7ee1ad183f
me5418-supplement-v1-0033,supplement-g009,tight_layout,geometry_rejected,initialization_failure:related_collision:obstacle;initial_gap_below_2mm,0,0,2dd325ae31e5992cdbacca868a79f24d25dd4a3b9186e3abee7fc154cedde955
me5418-supplement-v1-0034,supplement-g010,far,accepted,,1,1,4da2349f66c79b02dd58c1339bb07899960f1af2cf7a9a86013c2f134475d633
me5418-supplement-v1-0035,supplement-g011,near_link,accepted,,1,1,48a95c2b3b874424c9ad8c0a57ebcb80649d93c68c013ab86b0be5373a3d12d2
me5418-supplement-v1-0036,supplement-g012,tight_layout,geometry_rejected,initialization_failure:related_collision:obstacle;initial_gap_below_2mm,0,0,bb41da1c0cf9e544299a538ae65a512325e69e1438253aa8a218ce406c47364a
me5418-supplement-v1-0037,supplement-g013,near_link,geometry_rejected,initialization_failure:related_collision:obstacle;initial_gap_below_2mm,0,0,d0d71a9b04dc54f0bfcfe6563b492ba7d2fc73785cf9e9ebce9f5f493926d9a6
me5418-supplement-v1-0038,supplement-g014,tight_layout,geometry_rejected,initialization_failure:related_collision:obstacle;initial_gap_below_2mm,0,0,dc43d9e5b52c996466fd5da9ac96f1558f688742d46a80ee8f746a8df63916b6
me5418-supplement-v1-0039,supplement-g015,far,accepted,,1,1,58ffe1cf932ed19c11c3295ef18ca539d1406095ff178d422ad228c000aa7c13
me5418-supplement-v1-0040,supplement-g016,near_link,geometry_rejected,initialization_failure:related_collision:obstacle;initial_gap_below_2mm,0,0,89a0b26d3e7fb54f327b70c9d2dc31d5a4dd620877bd1151007e1a48ffe577f1
me5418-supplement-v1-0041,supplement-g017,tight_layout,geometry_rejected,initialization_failure:related_collision:obstacle;initial_gap_below_2mm,0,0,beeb72decf974492811fa57420e0bf091347130cf6cfe878b23e549a9ff96c23
me5418-supplement-v1-0042,supplement-g018,near_link,accepted,,1,1,d0663fb6160441ca05d9b87c6568c6111fc277bba9d672b29b91a95cba5aaafd
me5418-supplement-v1-0043,supplement-g019,tight_layout,geometry_rejected,initialization_failure:related_collision:obstacle;initial_gap_below_2mm,0,0,187e30f16080d8215febbb150313bf9a9dd59b9ea8e60ac41f1b1bf520eba576
me5418-supplement-v1-0044,supplement-g020,far,accepted,,1,1,2f475bfe055cf3e84cf0064c2bb80a1291a8d360489dc3e11a7f8eddead3f7bc
me5418-supplement-v1-0045,supplement-g021,near_link,geometry_rejected,initialization_failure:related_collision:obstacle;initial_gap_below_2mm,0,0,10d1cebaf0d9e90d6ce877407c754617d82539a48e842e6f0c912a2e65ffac56
me5418-supplement-v1-0046,supplement-g022,tight_layout,accepted,,1,1,5d5f3807199fc572b196989f934e80dba9ebb2fd05c4066e128e1f5528cc6a7a
me5418-supplement-v1-0047,supplement-g023,near_link,accepted,,1,1,11736785a0c2ce02e865471cffaa0f37216277d5a3726576a1f21ca1c8d96292
me5418-supplement-v1-0048,supplement-g000,far,accepted,,1,1,159fae78e653d76bb423631a590e01a8563432623fcc4cc0b3518c699635f453
me5418-supplement-v1-0049,supplement-g001,near_link,geometry_rejected,initialization_failure:related_collision:obstacle;initial_gap_below_2mm,0,0,602b3a30917b9ca45284ad9c9ef740a671fe8b211d8d3ad0c885ea9786d2037c
me5418-supplement-v1-0050,supplement-g002,tight_layout,geometry_rejected,initialization_failure:related_collision:obstacle;initial_gap_below_2mm,0,0,91366af9d3b420d1efdaaaf6782805354c46456355141ff448a80eecd92bd966
me5418-supplement-v1-0051,supplement-g003,near_link,accepted,,1,1,65192b970964d5b44efe6bf0b11ff158ed7da8a518e4ef58aa0dc5c2416db3ec
me5418-supplement-v1-0052,supplement-g004,tight_layout,geometry_rejected,initialization_failure:related_collision:obstacle;initial_gap_below_2mm,0,0,065bf2bad3eb2899ae94f4c20638690f5add7b72f55962d838397cc25a431b35
me5418-supplement-v1-0053,supplement-g005,far,accepted,,1,1,261d8cd87ec7ab0e2e701329e700c93195a7e489a0787f138aeaf8a9634dc59e
me5418-supplement-v1-0054,supplement-g006,near_link,accepted,,1,1,1b545a1f44518aef6c9d77a9b3846d5c8b08aa062eb7a3b5e31c3950769fbcb8
me5418-supplement-v1-0055,supplement-g007,tight_layout,accepted,,1,1,1a6f85bc93e27a9dde3e2a89ce2d84c1158548c367d4a7929bf8745d597552d8
me5418-supplement-v1-0056,supplement-g008,near_link,geometry_rejected,initialization_failure:related_collision:obstacle;initial_gap_below_2mm,0,0,81b7e907acabaa5d69127e9c948d71bbb35548815932694f07894c6eb48146ba
me5418-supplement-v1-0057,supplement-g009,tight_layout,geometry_rejected,initialization_failure:related_collision:obstacle;initial_gap_below_2mm,0,0,a9c5ef04df18df04da6123b7c0b7a223ebbc3830f815b536d6f2ce7d437dc069
me5418-supplement-v1-0058,supplement-g010,far,accepted,,1,1,fe16f496087470c169d6313e8f0a73f0c4cf362369a55171d48c3dbdd84df075
me5418-supplement-v1-0059,supplement-g011,near_link,accepted,,1,1,85991888f03577179ef247c60cce2f55193919920cd4dbd2ab9c80ae5a9e228b
me5418-supplement-v1-0060,supplement-g012,tight_layout,geometry_rejected,initialization_failure:related_collision:obstacle;initial_gap_below_2mm,0,0,2427e59adaff8f0a6fe65bef17941d9262123c904936776dd00bdef98378834f
me5418-supplement-v1-0061,supplement-g013,near_link,accepted,,1,1,e8dbeb508e48938c5a7f1596b9242379f01f26701953f44e4e77dac997c45354
me5418-supplement-v1-0062,supplement-g014,tight_layout,geometry_rejected,initialization_failure:related_collision:obstacle;initial_gap_below_2mm,0,0,df7188417ad5cabdfa90299bc05a904b4374cae427dd4a17669d6a65ae0d9feb
me5418-supplement-v1-0063,supplement-g015,far,accepted,,1,1,4747211412c96ba1c74ee09f6dc7c5b543e35b45ce36a0982632d2c7fe0bf91c
me5418-supplement-v1-0064,supplement-g016,near_link,accepted,,1,1,ddfafc700b74cbffd82288ca063c7360d7382d564fd4a4a328f08fba06c7422b
me5418-supplement-v1-0065,supplement-g017,tight_layout,geometry_rejected,initialization_failure:related_collision:obstacle;initial_gap_below_2mm,0,0,ef187f287fd227ccacdda5a0f62cf144970c5c21870fe911bd7b958518766fb9
me5418-supplement-v1-0066,supplement-g018,near_link,accepted,,1,1,866285807f69f7bb875629bb666616c070d0277e1fb1e62d5164c8efb5293af1
me5418-supplement-v1-0067,supplement-g019,tight_layout,geometry_rejected,initialization_failure:related_collision:obstacle;initial_gap_below_2mm,0,0,d8cec73256c87a5486afdca62e4cd40eae16517704ae73aae3ff513cbc9e93ac
me5418-supplement-v1-0068,supplement-g020,far,accepted,,1,1,3aed14b4320666fb311df7cffc64dedc6d98dfa6e4374e94425107e787bab10a
me5418-supplement-v1-0069,supplement-g021,near_link,geometry_rejected,initialization_failure:related_collision:obstacle;initial_gap_below_2mm,0,0,e32ac3b3073f8980d618eebd692fa1796ceebcc47ec2129a9a3d4c571b16b9bc
me5418-supplement-v1-0070,supplement-g022,tight_layout,geometry_rejected,initialization_failure:related_collision:obstacle;initial_gap_below_2mm,0,0,757f45d67eb204d8aac3b3b6a6d4ccdda820ca9a67a22d1e56d1c61ce6e93ae2
me5418-supplement-v1-0071,supplement-g023,near_link,geometry_rejected,initialization_failure:related_collision:obstacle;initial_gap_below_2mm,0,0,486d7f4fc62d33da5f9bb7ffbf4f6c403523ebe38dfb325d1e3d54115f4bec15
me5418-supplement-v1-0072,supplement-g000,far,accepted,,1,1,a1af7b60bb93775e5ce8c3cbc6ca06dbf17f0bb7475b1c45fd01f541d7199d94
me5418-supplement-v1-0073,supplement-g001,near_link,accepted,,1,1,f0f53f4088b5fe66291993c01b0a353a7a6d0d38ac2961c90e56da01df58435b
me5418-supplement-v1-0074,supplement-g002,tight_layout,accepted,,2,1,1f8c88eef67916bd27c8e5d9fa4a4522242af1a90f3c0bc73803e642b0428c86
me5418-supplement-v1-0075,supplement-g003,near_link,accepted,,1,1,b0e5266c7e4da197e8e0b987e218c202385e0504d227abe77921cd8f5d82f8b0
me5418-supplement-v1-0076,supplement-g004,tight_layout,geometry_rejected,initialization_failure:related_collision:obstacle;initial_gap_below_2mm,0,0,66fe217143d357c67343cc1d215376e224c99c84c305fa333e6ef9117e4c33d3
me5418-supplement-v1-0077,supplement-g005,far,accepted,,1,1,99606be7fd56556896620ed03b288f6a4bc61e0e731217bfbf9d87d7c09f34d4
me5418-supplement-v1-0078,supplement-g006,near_link,accepted,,1,1,e3861227161610df9a2971f884db364572d46f97d63c2b3981bddd05a5d4b5a7
me5418-supplement-v1-0079,supplement-g007,tight_layout,accepted,,1,1,6797ff07e81fccc80e88272bc7ce0854d58d4dea15b1ff1caa31253a44626c07
me5418-supplement-v1-0080,supplement-g008,near_link,accepted,,1,1,4ed88360ef8acfc151a5a8fc28163d15ca7f4364bf2e9dbb53cbb7c000dc2b9b
me5418-supplement-v1-0081,supplement-g009,tight_layout,geometry_rejected,initialization_failure:related_collision:obstacle;initial_gap_below_2mm,0,0,bdee2512e5ef3549872644fe6a9b82fac3149ced6718a21d09df08cc331da3bd
me5418-supplement-v1-0082,supplement-g010,far,accepted,,1,1,d398d7c0a6d33a99886917e6817adb02b55657f3ef5fc1977fa0e4ec5f00bc7e
me5418-supplement-v1-0083,supplement-g011,near_link,accepted,,1,1,bd376ab6c63ab4625a216709a5112a7154e2abbdd0c168ea57d4844aa340a02b
me5418-supplement-v1-0084,supplement-g012,tight_layout,geometry_rejected,initialization_failure:related_collision:obstacle;initial_gap_below_2mm,0,0,b43e6ad501fea779e345cbef08b1027ef3df84cad84a948be3532a892fbf7da0
me5418-supplement-v1-0085,supplement-g013,near_link,accepted,,1,1,ad5f68bd0eb3bac2a59b351c2017fa44abfa3dbe5c1074fc8a9effff485b2a12
me5418-supplement-v1-0086,supplement-g014,tight_layout,geometry_rejected,initialization_failure:related_collision:obstacle;initial_gap_below_2mm,0,0,adc37164b99cf431dd665dfeb5359bbe02017915e0dd54bdf88d8b2da069d276
me5418-supplement-v1-0087,supplement-g015,far,accepted,,1,1,a87df2e9c5e54e246625dfd3ad70b7d7c7ff0e0dd6edc71e891575694b955db1
me5418-supplement-v1-0088,supplement-g016,near_link,geometry_rejected,initialization_failure:related_collision:obstacle;initial_gap_below_2mm;sphere_blocks_tool_segment_buffer,0,0,469d8ccb8bdcb182cfb057353e654bb98798c831fefc5aec7a7c299b9933bfec
me5418-supplement-v1-0089,supplement-g017,tight_layout,geometry_rejected,initialization_failure:related_collision:obstacle;initial_gap_below_2mm,0,0,a0fbb8f5b1c11ec5e24bca358727684042567ca8816f9be2b2d23313bbf691cc
me5418-supplement-v1-0090,supplement-g018,near_link,accepted,,1,1,cd212bfa47d8cbdb4f38ff8013fd2dfa07ae4b29aa590f7fddabbe3ee84da43c
me5418-supplement-v1-0091,supplement-g019,tight_layout,geometry_rejected,initialization_failure:related_collision:obstacle;initial_gap_below_2mm,0,0,290a0dd0d8473b4e56fec6592429ed77a4ad38da6e48247d5b26bcf283b37950
me5418-supplement-v1-0092,supplement-g020,far,accepted,,1,1,236eb860205fc2ea85f63abb5e351be9a33b29c91e7f1c1a02c5961f6ef3f108
me5418-supplement-v1-0093,supplement-g021,near_link,geometry_rejected,initialization_failure:related_collision:obstacle;initial_gap_below_2mm,0,0,68d4eaf4dfc5f58bad42ff3caeaa257a0e53048ec6de79e6fc5ec2aec2537c15
me5418-supplement-v1-0094,supplement-g022,tight_layout,accepted,,1,1,f32e94d996f5bd04b48d547426f136558502f15da08abe47206f7d7bbb9df6dc
me5418-supplement-v1-0095,supplement-g023,near_link,accepted,,1,1,a088dab1579e57a043f8effbc1fa201c8fba5135773ee0af7e22c515bcd2677c
me5418-supplement-v1-0096,supplement-g000,far,accepted,,1,1,11ac02fe6daac28fcbd1b42cb951cd4849426c534aa3bdf402d1d20d3a800230
me5418-supplement-v1-0097,supplement-g001,near_link,geometry_rejected,initialization_failure:related_collision:obstacle;initial_gap_below_2mm,0,0,6459029673fbf31c3367e649576615d02889ac59548a9f9ca4d693eb0031c543
me5418-supplement-v1-0098,supplement-g002,tight_layout,geometry_rejected,initialization_failure:related_collision:obstacle;initial_gap_below_2mm,0,0,10fe8c9667cc18c40aeebab631b36e4dda84313b052cf5bf0cce54603ab630d3
me5418-supplement-v1-0099,supplement-g003,near_link,accepted,,1,1,6eb884e83efec890709db0f8b3be4f69fb8b6174c79985193351b7613d24d4ae
me5418-supplement-v1-0100,supplement-g004,tight_layout,geometry_rejected,initialization_failure:related_collision:obstacle;initial_gap_below_2mm,0,0,2bc6d4d8a73367833e81b56088b4f298a28155443695aa7662d81899121d5c6d
me5418-supplement-v1-0101,supplement-g005,far,accepted,,1,1,b5cb31fa141ffecfdef19cbdcc0fea260be90cd5e31c6c03e6a0ce36b36e08b1
me5418-supplement-v1-0102,supplement-g006,near_link,accepted,,1,1,1eb52809eab82dd2bc3257b8f83826a46db0098bbf553cced610c101c20010ce
me5418-supplement-v1-0103,supplement-g007,tight_layout,geometry_rejected,initialization_failure:related_collision:obstacle;initial_gap_below_2mm,0,0,5c4245791a4d8ab2e93da07a8bae773384fae262c32f7aa00b989801717eca8c
me5418-supplement-v1-0104,supplement-g008,near_link,geometry_rejected,initialization_failure:related_collision:obstacle;initial_gap_below_2mm,0,0,654112682ac480a96513ce064ff491b7d2accf7b51b072737e9f397959f601d9
me5418-supplement-v1-0105,supplement-g009,tight_layout,geometry_rejected,initialization_failure:related_collision:obstacle;initial_gap_below_2mm,0,0,aedce8c8bc8f930bde840ba8db54763612143a28b42313b23770b97bcfcccfc5
me5418-supplement-v1-0106,supplement-g010,far,accepted,,1,1,ffe74965ee34528e995bd275d33ca3f96c7a52288574113bf982b7b00ba25a2c
me5418-supplement-v1-0107,supplement-g011,near_link,accepted,,1,1,05cbb1545a5b60fcf6e557813ff1d8d029fa3700472f16db77455eb0d658b70e
me5418-supplement-v1-0108,supplement-g012,tight_layout,geometry_rejected,initialization_failure:related_collision:obstacle;initial_gap_below_2mm,0,0,9c2ae13e4386778952e7c7de8aa6a6f890eff4d60a8496788efcab840925bfce
me5418-supplement-v1-0109,supplement-g013,near_link,geometry_rejected,initialization_failure:related_collision:obstacle;initial_gap_below_2mm,0,0,3988231590bdfed29bf2dde5cd2a05e8e8d0242db6ba93e6b4d3d42075e80d62
me5418-supplement-v1-0110,supplement-g014,tight_layout,geometry_rejected,initialization_failure:related_collision:obstacle;initial_gap_below_2mm,0,0,d9dcf34c46577cdd819aabce2affdc931045759cb9dc0ca60434700e07ad9b4c
me5418-supplement-v1-0111,supplement-g015,far,accepted,,1,1,e5ba9e839d57f527acda02a38bcc6bc005d53f2a911c6f324f975959f7aa556b
me5418-supplement-v1-0112,supplement-g016,near_link,accepted,,1,1,ad9dde753971e6d58fa815307111520562668928dd2ca8048f38fae1efc6d298
me5418-supplement-v1-0113,supplement-g017,tight_layout,geometry_rejected,initialization_failure:related_collision:obstacle;initial_gap_below_2mm,0,0,82264064aa2614f164c639362f6bed2eb2c9a8ad44f6ec5fe7be57c6b8304276
me5418-supplement-v1-0114,supplement-g018,near_link,accepted,,1,1,d3bc508b6c2815aa15d23e40a06f8cc36548031f682c1c2642154498ce9d0961
me5418-supplement-v1-0115,supplement-g019,tight_layout,geometry_rejected,initial_gap_below_2mm,0,0,381ef9465597321a9f1bd8967487a7fee6bcc4d812c8b792be1eb5279fe74242
me5418-supplement-v1-0116,supplement-g020,far,accepted,,1,1,83ba7312589775c69a1cb5bd3e0f39b66c20372dbee4a0c522e15e1d370c9fcf
me5418-supplement-v1-0117,supplement-g021,near_link,accepted,,1,1,50f49908301d2c070456efe4087b3d771ddaa35334712a239b74b0eff6d5b27a
me5418-supplement-v1-0118,supplement-g022,tight_layout,geometry_rejected,initialization_failure:related_collision:obstacle;initial_gap_below_2mm,0,0,400c98740e6d02bea0dc0d48651bb74a849eb25a58de49f08b714138e70f141a
me5418-supplement-v1-0119,supplement-g023,near_link,accepted,,1,1,2466be8f44db010e635c1a9ac259d83934fed04422cdcab7e7b9f96a34cb5e92
me5418-supplement-v1-0120,supplement-g000,far,accepted,,1,1,96bdd87e8735f628bb356800599e370140a6bbf3fcc5ea8905d87274e2a16728
me5418-supplement-v1-0121,supplement-g001,near_link,geometry_rejected,initialization_failure:related_collision:obstacle;initial_gap_below_2mm,0,0,6c4d4565004bd72733339a0e218db3aaed1de19cbd564749946b59f92c882b61
me5418-supplement-v1-0122,supplement-g002,tight_layout,geometry_rejected,initialization_failure:related_collision:obstacle;initial_gap_below_2mm,0,0,5fcc1586810f3f922961973c31aec1415b0097262b2c2a677688ae54d34a5816
me5418-supplement-v1-0123,supplement-g003,near_link,accepted,,1,1,94379531b9b99c6e630304fce449d90cd6d98fc85866d67d001dbd04e6af3622
me5418-supplement-v1-0124,supplement-g004,tight_layout,geometry_rejected,initialization_failure:related_collision:obstacle;initial_gap_below_2mm,0,0,f4c58b3627668faf4b528538ebac06c72c05059a0de49a214ce2e8df0ca20475
me5418-supplement-v1-0125,supplement-g005,far,accepted,,1,1,e7ab99f1d03cd4e0e3a707ac4fd8ad1bcd6a54b7237c2b28dff7029da31e5083
me5418-supplement-v1-0126,supplement-g006,near_link,accepted,,1,1,b202cf89c91798a8d6073126d9dc8a58303c3a90b99bf01b8b17491125d42277
me5418-supplement-v1-0127,supplement-g007,tight_layout,geometry_rejected,initialization_failure:related_collision:obstacle;initial_gap_below_2mm,0,0,c389bc92432e29697a122e3183c73972589fe9521804c492bc8970c3129f75ca
me5418-supplement-v1-0128,supplement-g008,near_link,geometry_rejected,initialization_failure:related_collision:obstacle;initial_gap_below_2mm,0,0,16d4429de2925c41232a144c5088186acd076f9747add96add2af8c0e2d6a465
me5418-supplement-v1-0129,supplement-g009,tight_layout,accepted,,1,1,21a02edd924f55d1a5654caea0e0471836c5357ee531dc743d8109f58c750550
me5418-supplement-v1-0130,supplement-g010,far,accepted,,1,1,ee7daf6ce2ec4d97f3852cbc784ae29880c01fc34114bb79ae8e0530d7d43d44
me5418-supplement-v1-0131,supplement-g011,near_link,accepted,,1,1,859011f917f6f846ac96de1ce948c853895c8041281e01cfdb91431596f124a3
me5418-supplement-v1-0132,supplement-g012,tight_layout,geometry_rejected,initialization_failure:related_collision:obstacle;initial_gap_below_2mm,0,0,28f3bcc137e3a8f95de2822224c9be3686862e52fabc42b9263edc237f6a1d39
me5418-supplement-v1-0133,supplement-g013,near_link,accepted,,1,1,b62dac946aae27f55ce3744966fceb70eae9ac010cc7808459ef9ac3304fd05f
me5418-supplement-v1-0134,supplement-g014,tight_layout,geometry_rejected,initialization_failure:related_collision:obstacle;initial_gap_below_2mm,0,0,cd0a9e2f72b29579e6955120caa898f5ca24c4e28f20120cc8eaee285de658c1
me5418-supplement-v1-0135,supplement-g015,far,accepted,,1,1,08240543b1906b29eb9484a40159f91b82e33a76f1db0b52fe0a3ebd406e2384
me5418-supplement-v1-0136,supplement-g016,near_link,geometry_rejected,initialization_failure:related_collision:obstacle;initial_gap_below_2mm,0,0,16e3fda5a66d018cc6a85e155ef74748bbff3ce1937a473489c4ba3b3e057e91
me5418-supplement-v1-0137,supplement-g017,tight_layout,geometry_rejected,initialization_failure:related_collision:obstacle;initial_gap_below_2mm,0,0,fdb9c3bc2d273fd89fc625ab8950049803c066a78bde322e513e5e3ac91668b0
me5418-supplement-v1-0138,supplement-g018,near_link,geometry_rejected,initialization_failure:related_collision:obstacle;initial_gap_below_2mm,0,0,1d4f2ed145f7f4b3ab383be6f5a5a973e7821b1c2c962c2bca0141b0e9c7f4ca
me5418-supplement-v1-0139,supplement-g019,tight_layout,geometry_rejected,initialization_failure:related_collision:obstacle;initial_gap_below_2mm,0,0,d13e3baea12802ed58c395f795422f796ecf7bba6ce4167bcace188167233629
me5418-supplement-v1-0140,supplement-g020,far,accepted,,1,1,64aee56216cce791aadf40a50bdc340813082cae3ab24a07e0d0beb1b424fb38
me5418-supplement-v1-0141,supplement-g021,near_link,geometry_rejected,initialization_failure:related_collision:obstacle;initial_gap_below_2mm,0,0,867b3a876cbbcdadb2d84b73ae19bef32e707c0c5e620883fc0635fd5be71781
me5418-supplement-v1-0142,supplement-g022,tight_layout,accepted,,1,1,bb1a67b04bf0ee760c12b0dcb2ef4e884c754f3f0a724f010a00ac6f90418db9
me5418-supplement-v1-0143,supplement-g023,near_link,accepted,,1,1,354f52cddd23fc704b99afbdd2baf467bdb2f8c38b52834cd82391077822b268
me5418-supplement-v1-0144,supplement-g000,far,accepted,,1,1,4d4ae5e997276ebf5bb9d2a3c4daefaa3853e9ee09b815d1b75d28504d01294f
me5418-supplement-v1-0145,supplement-g001,near_link,geometry_rejected,initialization_failure:related_collision:obstacle;initial_gap_below_2mm,0,0,ea783d98f4a039ae903a8447657392ba2148a0d49f58f606f7a2cc56c678b0fc
me5418-supplement-v1-0146,supplement-g002,tight_layout,geometry_rejected,initialization_failure:related_collision:obstacle;initial_gap_below_2mm,0,0,c979345f3261d6674a77b3fe95ed06aed5c2a744ccd94a3a8e89d9687382bbe8
me5418-supplement-v1-0147,supplement-g003,near_link,accepted,,1,1,adfb9bc8c7291c6c64a8ee609dcb4f7a1109f0e1ec11876fd0b8e1256aa8504b
me5418-supplement-v1-0148,supplement-g004,tight_layout,geometry_rejected,initialization_failure:related_collision:obstacle;initial_gap_below_2mm,0,0,8668a05b30b8ed613e012ff9e896bef77d36304976565c438d3b58f5b54ee6db
me5418-supplement-v1-0149,supplement-g005,far,accepted,,1,1,5e910717cad9644b997ffe79ad423f4fee906cd62c81c4844d7f65b01f905052
me5418-supplement-v1-0150,supplement-g006,near_link,accepted,,1,1,c4a177180e0c65df2469f936b5a2eb5e4d4ac7611e8c9a0b7b9d35dd4695a038
me5418-supplement-v1-0151,supplement-g007,tight_layout,geometry_rejected,initialization_failure:related_collision:obstacle;initial_gap_below_2mm,0,0,c344bed129539d8de62c75273a807ffd199600c2d7b39ed89a01828fdd3bf7f8
me5418-supplement-v1-0152,supplement-g008,near_link,geometry_rejected,initialization_failure:related_collision:obstacle;initial_gap_below_2mm,0,0,dc173b9a48261689cbb13ca9a9caad07eb2b8042856abab035effdef0cc89131
me5418-supplement-v1-0153,supplement-g009,tight_layout,geometry_rejected,initialization_failure:related_collision:obstacle;initial_gap_below_2mm,0,0,1586936bd6e0f6dd12d5fcf512760e8f3789a64f14715ae1ba309550279acd1d
me5418-supplement-v1-0154,supplement-g010,far,accepted,,1,1,c94d2899875d252deededea274491e302aa4efb0dc1aa478951764b690cf0e55
me5418-supplement-v1-0155,supplement-g011,near_link,accepted,,1,1,a0effa76aa01dd64be5a5686beccda4851304e712799f133dd67a743955276f0
me5418-supplement-v1-0156,supplement-g012,tight_layout,geometry_rejected,initialization_failure:related_collision:obstacle;initial_gap_below_2mm,0,0,74173f7c276bd813bde12f528d15b86354aee55716f593378b9924feea58a07e
me5418-supplement-v1-0157,supplement-g013,near_link,accepted,,1,1,386ab9f0b706b43efd33177c0168c0231135b7ade11730e4eff79559a321a27b
me5418-supplement-v1-0158,supplement-g014,tight_layout,geometry_rejected,initialization_failure:related_collision:obstacle;initial_gap_below_2mm,0,0,89960afcd0c7ea237191f0feb49b246e711bb919b9e4ba5450ae8fe71a4310c2
me5418-supplement-v1-0159,supplement-g015,far,accepted,,1,1,5d201c738e90f48faf1463d94621783f4da399dd37934f8ce4d47c6cfaa18898
me5418-supplement-v1-0160,supplement-g016,near_link,geometry_rejected,initialization_failure:related_collision:obstacle;initial_gap_below_2mm,0,0,7b071213db50f65432bb76cdf879bdec97a5a647f8d04683b757d28f2d560ac6
me5418-supplement-v1-0161,supplement-g017,tight_layout,geometry_rejected,initialization_failure:related_collision:obstacle;initial_gap_below_2mm,0,0,a7c29ebd931757466e42e42566be33550f4b42196060fa641f927944a9f91139
me5418-supplement-v1-0162,supplement-g018,near_link,accepted,,1,1,8da4450ec2cf6a0ace32f7910013d0b02485cd6ff83d40af274a3b1ffd8675fa
me5418-supplement-v1-0163,supplement-g019,tight_layout,geometry_rejected,initialization_failure:related_collision:obstacle;initial_gap_below_2mm,0,0,03386f7dc034b591d9e5b25f3e53c8f1aa1129b1857ead8be034d4396e17e469
me5418-supplement-v1-0164,supplement-g020,far,accepted,,1,1,a42cb65411d68313060688139a35af82f4e6edfe61d13540d1c7228ff2ce685d
me5418-supplement-v1-0165,supplement-g021,near_link,accepted,,1,1,d25d2d24ac6bcbb8da8881210db8579588d143fd66437ebffc1de9d1f19346ad
me5418-supplement-v1-0166,supplement-g022,tight_layout,accepted,,1,1,5fdc349e0dcee2715855b9e94198c90fb3130383c72df03c48333f8cf2863899
me5418-supplement-v1-0167,supplement-g023,near_link,geometry_rejected,initialization_failure:related_collision:obstacle;initial_gap_below_2mm,0,0,77e3e811d97a3b608d1ffd2634f6a0e6c46da8dbd664f4e91c3ee2d59b106175
me5418-supplement-v1-0168,supplement-g000,far,accepted,,1,1,534ec1f9b0ed116647069a1f35f5c91958f3cbb6e88d7ed9588c97e970f73b26
me5418-supplement-v1-0169,supplement-g001,near_link,geometry_rejected,initialization_failure:related_collision:obstacle;initial_gap_below_2mm,0,0,17dadf696b30a31c31ae643616d6abed75cf6661d9c3c3b7644ae65dc68bbbaf
me5418-supplement-v1-0170,supplement-g002,tight_layout,geometry_rejected,initialization_failure:related_collision:obstacle;initial_gap_below_2mm,0,0,7874708c5855cf94a1de110a90ed70ced3c41b38b32eb0b4c86eedff5eb5b8db
me5418-supplement-v1-0171,supplement-g003,near_link,accepted,,1,1,8f289829cfa35bd8656c1e6f701a7e15aa4d4a7c62f6b029bb00e8802a526c3d
me5418-supplement-v1-0172,supplement-g004,tight_layout,geometry_rejected,initialization_failure:related_collision:obstacle;initial_gap_below_2mm,0,0,75c1d3b61c08f88c1b5be3ac020d37c111739180f63e41dd57fb6abb7943f679
me5418-supplement-v1-0173,supplement-g005,far,accepted,,1,1,4635d39ef282d115c7932796cc0d019bcb9deb46847c13a5aea72172215c0bb1
me5418-supplement-v1-0174,supplement-g006,near_link,geometry_rejected,initialization_failure:related_collision:obstacle;initial_gap_below_2mm,0,0,d09fde5e3a242092415e7b7c2e6d8080b131c5a405fa818f4134bda17278bb30
me5418-supplement-v1-0175,supplement-g007,tight_layout,geometry_rejected,initialization_failure:related_collision:obstacle;initial_gap_below_2mm,0,0,f3fc71d1bade0caddac296ea2c32c775ff547c78438897b40b9525a94aeda040
me5418-supplement-v1-0176,supplement-g008,near_link,geometry_rejected,initialization_failure:related_collision:obstacle;initial_gap_below_2mm,0,0,046ccc957d0a0fe38ce41c35996e9ebb8efcdaa3498b3a29e63f17407467ca15
me5418-supplement-v1-0177,supplement-g009,tight_layout,accepted,,1,1,2362564c9868a40c9c701d2ebb0bdca7877d7912f0b6e97cfd2198e4f8915f0f
me5418-supplement-v1-0178,supplement-g010,far,accepted,,1,1,2646e8cce62d1515ffcafc0958aff6883700811da74ad2a0c17ad03645992914
me5418-supplement-v1-0179,supplement-g011,near_link,accepted,,1,1,98e04c6735120866f209c6b60966353046d9db43cfca8482d3c2c81fb2493da4
me5418-supplement-v1-0180,supplement-g012,tight_layout,geometry_rejected,initialization_failure:related_collision:obstacle;initial_gap_below_2mm,0,0,0a5162280b0d09ef3cd885d9c554adbbea6dd6542ab435b824c31a789c2a4336
me5418-supplement-v1-0181,supplement-g013,near_link,accepted,,1,1,684c2506f489c4f035a941b421d1ab1c2c66893c2943f5094bf93a8a83b18c60
me5418-supplement-v1-0182,supplement-g014,tight_layout,geometry_rejected,initialization_failure:related_collision:obstacle;initial_gap_below_2mm,0,0,49863ca7b602f63f6d175be3accb41280e936e501bbbe99e0ca6a45ec726e36f
me5418-supplement-v1-0183,supplement-g015,far,accepted,,1,1,412434c57df359bc0b2621c111a2f8a6183da06c1bd9606e4014c239dce48755
me5418-supplement-v1-0184,supplement-g016,near_link,geometry_rejected,sphere_blocks_tool_segment_buffer,0,0,96defa82c029bb8279cd1e627a8b6767b6b2188a738310f93e9c5e534c6f6cf1
me5418-supplement-v1-0185,supplement-g017,tight_layout,geometry_rejected,initialization_failure:related_collision:obstacle;initial_gap_below_2mm,0,0,fbfda5277cdac2d60ab5025121059431e6e7e83287b4f0d600602a08efb26e24
me5418-supplement-v1-0186,supplement-g018,near_link,accepted,,1,1,d00c6f7a0cdf81ce5d58d4ce8a0d371f307fd8c0ddc4994c0bf00ffa0b5c882f
me5418-supplement-v1-0187,supplement-g019,tight_layout,geometry_rejected,initialization_failure:related_collision:obstacle;initial_gap_below_2mm,0,0,8c683159ef3d70e716aa1f7e25e281894fff649a763c8aa96ad61a3b3126ea79
me5418-supplement-v1-0188,supplement-g020,far,accepted,,1,1,cfeac39cba5fe0431eddaf4562bda212f97ac4bb4bb906643c50cbf0530cf60b
me5418-supplement-v1-0189,supplement-g021,near_link,geometry_rejected,initialization_failure:related_collision:obstacle;initial_gap_below_2mm,0,0,b25e59873ae70e531c9241fbc781bb2433212f751b41293bafa5f96740a68df3
me5418-supplement-v1-0190,supplement-g022,tight_layout,geometry_rejected,initialization_failure:related_collision:obstacle;initial_gap_below_2mm,0,0,c9c0187fa1cf2a817ea66b13befff2f5bdde8061a6ae1a78061e71e09d4200ac
me5418-supplement-v1-0191,supplement-g023,near_link,accepted,,1,1,f73a543c432bded3d35706510d79345901d5a27c1dddc7b36f7abc0fe22c2d89
me5418-supplement-v1-0192,supplement-g000,far,accepted,,1,1,d991f93c5e3678f30188e39e8064eb120fd6f3e54a1d9cfc9fcc8ee415badd54
me5418-supplement-v1-0193,supplement-g001,near_link,geometry_rejected,initialization_failure:related_collision:obstacle;initial_gap_below_2mm,0,0,ffa0e55abf2f3e3467b86ef8838591fc97d47a0344df42183ae6fb4ee35324da
me5418-supplement-v1-0194,supplement-g002,tight_layout,not_run_target_met,,0,0,73ac968bb95b123b7ad0867bbdc26491ebe1998eec3893e543b2f5ed37e5e297
me5418-supplement-v1-0195,supplement-g003,near_link,not_run_target_met,,0,0,e2b3631efab3bd3e0a00e96645b61a56a3760b10ceea2199f4c1cbaee6661731
me5418-supplement-v1-0196,supplement-g004,tight_layout,geometry_rejected,initialization_failure:related_collision:obstacle;initial_gap_below_2mm,0,0,be4a677eccb5a472d5363c97db58b516ce367eb4d3ba7925fdd762fb70a52dad
me5418-supplement-v1-0197,supplement-g005,far,not_run_target_met,,0,0,1f2d1d46d9ca48d43d1d84ff2c01904ab030a9723c143e82fd05a9bd43b03cd7
me5418-supplement-v1-0198,supplement-g006,near_link,not_run_target_met,,0,0,71f90db6170b6369b89915377e8c1d2bee8020e44a0b6769553720e8a06ab2ae
me5418-supplement-v1-0199,supplement-g007,tight_layout,not_run_target_met,,0,0,9b5bc48adf86d4d7d0a35b2707fcadb22bc4bff7acaf6edcafd68707ca895994
me5418-supplement-v1-0200,supplement-g008,near_link,geometry_rejected,initialization_failure:related_collision:obstacle;initial_gap_below_2mm,0,0,b5712d8117bc9ffd690c378696ecabaabb1eed4f4d8ebf63df6f76dde0562286
me5418-supplement-v1-0201,supplement-g009,tight_layout,geometry_rejected,initialization_failure:related_collision:obstacle;initial_gap_below_2mm,0,0,ced31e2f0cbe6355f24e04948a8750811cb23a0a601fe613c13da7f0b5b4c5aa
me5418-supplement-v1-0202,supplement-g010,far,not_run_target_met,,0,0,5fc9b531d07629b0fba77eccd99f888fac9c8e8da8e3d1e8e694a20424ba4a01
me5418-supplement-v1-0203,supplement-g011,near_link,not_run_target_met,,0,0,6b49af00c4122b9dd7ccc9b05fad73ed1d1520d2c520c5869f53387bbdf57cad
me5418-supplement-v1-0204,supplement-g012,tight_layout,geometry_rejected,initialization_failure:related_collision:obstacle;initial_gap_below_2mm,0,0,1c3abd56e8f05494e8dcfc9c5c7b5c9ca3eb8c2345fc64df8782871630014c89
me5418-supplement-v1-0205,supplement-g013,near_link,not_run_target_met,,0,0,c9fcfdd43a7de5e4388ad8f2692e2d89d52aa048fc4a0c5b6723c169c21664a6
me5418-supplement-v1-0206,supplement-g014,tight_layout,geometry_rejected,initialization_failure:related_collision:obstacle;initial_gap_below_2mm,0,0,c57f9c70e83d642a86d96a08916ddfca4d882ddb38202ae8d8717fd251ab7afc
me5418-supplement-v1-0207,supplement-g015,far,not_run_target_met,,0,0,34d9f126858ae65f2941b341de673e01464d910d30aa054cb474c638e355cc6c
me5418-supplement-v1-0208,supplement-g016,near_link,not_run_target_met,,0,0,ef9c8989b7da65b3314af09ed6ee69e1f51480b7388395ea958e4dabead8200d
me5418-supplement-v1-0209,supplement-g017,tight_layout,geometry_rejected,initialization_failure:related_collision:obstacle;initial_gap_below_2mm,0,0,cc004a6f02e4822f792336274d5d76ff931fa585787aa13fd7152756c25ae33b
me5418-supplement-v1-0210,supplement-g018,near_link,not_run_target_met,,0,0,d73971ebd6bad7c386762a919249632178c065b64c21b916919c5e47381e0d19
me5418-supplement-v1-0211,supplement-g019,tight_layout,geometry_rejected,initialization_failure:related_collision:obstacle;initial_gap_below_2mm,0,0,67c35db534050bb1774d1d7a901c10e47d0acd68fd9a9d26fb9bfeadaac59686
me5418-supplement-v1-0212,supplement-g020,far,not_run_target_met,,0,0,74802a9fca3d415fcabecb924715991323905e6e837714baf8e709260e745b5f
me5418-supplement-v1-0213,supplement-g021,near_link,not_run_target_met,,0,0,e68da56247a2b811426927a016c66d9f60519470707b44301a94580a754e2b1f
me5418-supplement-v1-0214,supplement-g022,tight_layout,geometry_rejected,initialization_failure:related_collision:obstacle;initial_gap_below_2mm,0,0,0f15b4936bdfb95b39e954e13c006b5ae17f66e9d52992d1000d28c98571b9ea
me5418-supplement-v1-0215,supplement-g023,near_link,not_run_target_met,,0,0,c4027f92fc8b591717ee18342fd8df382c3df4e9fb4761932b8e2458536310e9
me5418-supplement-v1-0216,supplement-g000,far,not_run_target_met,,0,0,b650240ce14402ec057da75f521fc6386b806df9fe80e7682cba065122f9ec70
me5418-supplement-v1-0217,supplement-g001,near_link,geometry_rejected,initialization_failure:related_collision:obstacle;initial_gap_below_2mm,0,0,ff4383d37068e9b9e8580d1f1b8b3c5b775bb0f541e8f721219a395f26f5cf82
me5418-supplement-v1-0218,supplement-g002,tight_layout,geometry_rejected,initialization_failure:related_collision:obstacle;initial_gap_below_2mm,0,0,a132b69d912999ffbdf136d2360ef9283bfeb1a8380cd51efae2042d683a876c
me5418-supplement-v1-0219,supplement-g003,near_link,not_run_target_met,,0,0,949ab78edc8cf4eb9bd20d33757407488dcf6e08b473ffb93d54b92de55c43b7
me5418-supplement-v1-0220,supplement-g004,tight_layout,geometry_rejected,initialization_failure:related_collision:obstacle;initial_gap_below_2mm,0,0,2fcaf0afe0afd9656ef5886e02f25cbc9df39146cf504a263c92e2a65954c9d8
me5418-supplement-v1-0221,supplement-g005,far,not_run_target_met,,0,0,cafcf77195d35daa2d6a09cb518bf7169ee720caf421e32b42a072d1506a82c4
me5418-supplement-v1-0222,supplement-g006,near_link,geometry_rejected,initialization_failure:related_collision:obstacle;initial_gap_below_2mm,0,0,dfd8f2ec4bfe10ff8a2ed91e48e8c1285594175cc33f9da314c83d50f7ca35f8
me5418-supplement-v1-0223,supplement-g007,tight_layout,not_run_target_met,,0,0,6451a039e87482b91bd4c308506fc64d75dedf631ab2715d149a627d02d58707
me5418-supplement-v1-0224,supplement-g008,near_link,not_run_target_met,,0,0,40a0801ac6ede19dff5bb51c39be96b472ed248b70b947080c3ef4e4b03956f5
me5418-supplement-v1-0225,supplement-g009,tight_layout,not_run_target_met,,0,0,f6eebd7374a92fe99ce1c15e605720c4717372160c31819b6dc25263b59727b0
me5418-supplement-v1-0226,supplement-g010,far,not_run_target_met,,0,0,6a89f530759571017ca2bc864c4b66bdac68924d907fbb8ac42f0f77e9bdd0c9
me5418-supplement-v1-0227,supplement-g011,near_link,not_run_target_met,,0,0,6f6c7dc436c5ebe56a3b683f29f765351765f974a3dc02954031f92eba0ac1e5
me5418-supplement-v1-0228,supplement-g012,tight_layout,geometry_rejected,initialization_failure:related_collision:obstacle;initial_gap_below_2mm,0,0,bd1803fc84d9c53c0d137cca3a8560737e209a6af55464168495fbd77358f138
me5418-supplement-v1-0229,supplement-g013,near_link,geometry_rejected,initialization_failure:related_collision:obstacle;initial_gap_below_2mm,0,0,7a5bb223449c23cd391e046fd96d735475f81b113572c1042eb319ba36941c22
me5418-supplement-v1-0230,supplement-g014,tight_layout,geometry_rejected,initialization_failure:related_collision:obstacle;initial_gap_below_2mm,0,0,8dfe97dacab275a78bc4c71b498c6a6613ccd5866936baa8108078246caf9cfd
me5418-supplement-v1-0231,supplement-g015,far,not_run_target_met,,0,0,e6410a332b90f527e304eafb5c6a65647fd987c2a5a433bd55e14167846048b1
me5418-supplement-v1-0232,supplement-g016,near_link,not_run_target_met,,0,0,cdf98d24c71ea8dbe47d3174027ed7cd1da46915a85ae7f182d7882b8b55abd7
me5418-supplement-v1-0233,supplement-g017,tight_layout,geometry_rejected,initialization_failure:related_collision:obstacle;initial_gap_below_2mm,0,0,64f159a0797d173a078a76d7f7407abfacd06b297fd6ca532110d18c697d8b7e
me5418-supplement-v1-0234,supplement-g018,near_link,not_run_target_met,,0,0,439c2539e2eed94a43a6e5ae877059f90593930f1e912880cd8981b23e3ac613
me5418-supplement-v1-0235,supplement-g019,tight_layout,geometry_rejected,initialization_failure:related_collision:obstacle;initial_gap_below_2mm,0,0,50b1f54d74dd900b1d2e236644d9a56b403fcf744a2ee48ff302fa94d2bb2572
me5418-supplement-v1-0236,supplement-g020,far,not_run_target_met,,0,0,1cbb31b79a146144c9ae3628d4af1d767f3e3d9c468d7ecdd99ff7a1409979d8
me5418-supplement-v1-0237,supplement-g021,near_link,not_run_target_met,,0,0,8af32f75cc3522e17e0e8dd651093df0a3668307478535c5be9c7070d9159d75
me5418-supplement-v1-0238,supplement-g022,tight_layout,not_run_target_met,,0,0,1fedc0086d6b12fb06d7d8a9a35d8a31180729b9bb8c43d075a481cca419ad9f
me5418-supplement-v1-0239,supplement-g023,near_link,not_run_target_met,,0,0,1e0e4a18c77ad8b5a3f83f332e2623cdf7fa3a5f314547844002b2c875474c5e
me5418-supplement-v1-0240,supplement-g000,far,not_run_target_met,,0,0,fc3accdbdec0b0e0c4cb673b39d40fc1884d70604a5adf71427085818afe2f81
me5418-supplement-v1-0241,supplement-g001,near_link,geometry_rejected,initial_gap_below_2mm,0,0,72f1a89ab9bdf12e558bb391714a2f64e1f8b52b424bccbd35642047aa0dbb6c
me5418-supplement-v1-0242,supplement-g002,tight_layout,not_run_target_met,,0,0,4a5a0dadbcd9b37cd77b8eff62181603df7303e84f2182b73e09d6f2d8486cb1
me5418-supplement-v1-0243,supplement-g003,near_link,not_run_target_met,,0,0,a36a70be50eeb0c415845ec4ba363ec3b9f9c6f1747f271a1527d6b647c4a403
me5418-supplement-v1-0244,supplement-g004,tight_layout,geometry_rejected,initialization_failure:related_collision:obstacle;initial_gap_below_2mm,0,0,894704f27f8cf07f92a25691a3fccb9601cf12e6aaa7127035ac72cf6422c8a6
me5418-supplement-v1-0245,supplement-g005,far,not_run_target_met,,0,0,6bc3e6ffefc22aed30b92a1070009e5eaa4591f38f942b9523ed85623fd06309
me5418-supplement-v1-0246,supplement-g006,near_link,not_run_target_met,,0,0,05e4936371a5356b24cc8971923ad82934ac5381294fbd2b7bf8f19e459efbf2
me5418-supplement-v1-0247,supplement-g007,tight_layout,geometry_rejected,initialization_failure:related_collision:obstacle;initial_gap_below_2mm,0,0,dc9c94e0e2e840db884c519f2e55fac33386745c66befc589c855f9f5e946f62
me5418-supplement-v1-0248,supplement-g008,near_link,geometry_rejected,initialization_failure:related_collision:obstacle;initial_gap_below_2mm,0,0,f977585a4887de9474eb7108a9b2e73761ba7e01724882693aac6a48e0d79865
me5418-supplement-v1-0249,supplement-g009,tight_layout,geometry_rejected,initialization_failure:related_collision:obstacle;initial_gap_below_2mm,0,0,d161c44927df38e5bb3048a7c399acfc4c234df3817955f57d6bc35995ecb390
me5418-supplement-v1-0250,supplement-g010,far,not_run_target_met,,0,0,440303ece3e93f8f7db7ed9e9fb155d6aa50a093939271b747ba664d5fc1580d
me5418-supplement-v1-0251,supplement-g011,near_link,not_run_target_met,,0,0,b2bf93404ad29693a20926909942e33cf0c4a480aed094c46aeb235d8767eae6
me5418-supplement-v1-0252,supplement-g012,tight_layout,geometry_rejected,initialization_failure:related_collision:obstacle;initial_gap_below_2mm,0,0,438bcd1132af969cf91af07c01f09c5050f6dc48723be8fa84408e021a66533d
me5418-supplement-v1-0253,supplement-g013,near_link,geometry_rejected,initialization_failure:related_collision:obstacle;initial_gap_below_2mm,0,0,6a25b1c0fa3e2ee400399d9f6e0af241cd17f91dbabe664171c56e9982609c5b
me5418-supplement-v1-0254,supplement-g014,tight_layout,geometry_rejected,initialization_failure:related_collision:obstacle;initial_gap_below_2mm,0,0,682489520b8baab882e4e44306b3943d5524100e90a437f6fb9bf840754bb5a0
me5418-supplement-v1-0255,supplement-g015,far,not_run_target_met,,0,0,802c57b7cc7d6640ff659de83adc4ff39e25d811d8e0f799f16c2fe8fc36718d
me5418-supplement-v1-0256,supplement-g016,near_link,geometry_rejected,initialization_failure:related_collision:obstacle;initial_gap_below_2mm;sphere_blocks_tool_segment_buffer,0,0,608b72f1bd0588ab33e26096d52db092431e5e092b1a56deebb55d9db57a6c61
me5418-supplement-v1-0257,supplement-g017,tight_layout,geometry_rejected,initialization_failure:related_collision:obstacle;initial_gap_below_2mm,0,0,0845bc109ab18c29667ac39c1528f9da7fc3da32c0f4b2515d535ba79ee632c3
me5418-supplement-v1-0258,supplement-g018,near_link,not_run_target_met,,0,0,be0c4bc08e7067a9ec22cd7f6cee68814668f71e5d98665045628a3b10e359a4
me5418-supplement-v1-0259,supplement-g019,tight_layout,geometry_rejected,initialization_failure:related_collision:obstacle;initial_gap_below_2mm,0,0,dfbf9452367736b64a6d22fe476a5a6e4aef3cb6e6c9738bb436def8cb178955
me5418-supplement-v1-0260,supplement-g020,far,not_run_target_met,,0,0,babb6ed463e6028c881cf54fa0b306c75388822624c43adbb88659435c8b672c
me5418-supplement-v1-0261,supplement-g021,near_link,geometry_rejected,initialization_failure:related_collision:obstacle;initial_gap_below_2mm,0,0,974940b331889b2f2fc9dbbb7638d1b9720a9ca8bf906edbc177b874dae0d3ee
me5418-supplement-v1-0262,supplement-g022,tight_layout,not_run_target_met,,0,0,5cf98014502ad68f91e7dfc09bea323b286136bcb1eacf4f777d32da2ba8ad97
me5418-supplement-v1-0263,supplement-g023,near_link,not_run_target_met,,0,0,a7a99f516739ee31addbd7ed40448867303919ad1852243aefe60b887239b14f
me5418-supplement-v1-0264,supplement-g000,far,not_run_target_met,,0,0,d9aa0e52f403359b76d0986608d343d24be39dc76c73a898b4ae4f87c427dc08
me5418-supplement-v1-0265,supplement-g001,near_link,geometry_rejected,initialization_failure:related_collision:obstacle;initial_gap_below_2mm,0,0,7af0a46e08c9b84b17d1cc6b24632aeb90dbaa05a193d61f6c2a59325bef9fee
me5418-supplement-v1-0266,supplement-g002,tight_layout,geometry_rejected,initialization_failure:related_collision:obstacle;initial_gap_below_2mm,0,0,3f5207f55efd52f5339104f8fb1792bee9610950fbc80d2e52e973e8753ff62a
me5418-supplement-v1-0267,supplement-g003,near_link,not_run_target_met,,0,0,a78cb504df286a1e9e4f2c7a225cda5fd0f8cd5e749210e2c9329de617e1c32a
me5418-supplement-v1-0268,supplement-g004,tight_layout,not_run_target_met,,0,0,b3f0f818725acb4bf97e624cbec2864000539690945a7f9c8511e7e330888b5b
me5418-supplement-v1-0269,supplement-g005,far,not_run_target_met,,0,0,1522d36d22ab1272426a001c2909381d6abe8072e108619772d69987ef7d7980
me5418-supplement-v1-0270,supplement-g006,near_link,geometry_rejected,initialization_failure:related_collision:obstacle;initial_gap_below_2mm,0,0,1ffe69a678f834a876d3d6e4ae8169195a2f24088e1c029bdad0867c633a28a7
me5418-supplement-v1-0271,supplement-g007,tight_layout,geometry_rejected,initialization_failure:related_collision:obstacle;initial_gap_below_2mm,0,0,297b16867d7822bfca8b179a29ef25c8b9634c79ad45489d0bcb2c92811fd876
me5418-supplement-v1-0272,supplement-g008,near_link,geometry_rejected,initialization_failure:related_collision:obstacle;initial_gap_below_2mm,0,0,6b69bf895739e93c9834e92d2bf7ef8551b81bba5e3af80b27625220d2e8df55
me5418-supplement-v1-0273,supplement-g009,tight_layout,geometry_rejected,initialization_failure:related_collision:obstacle;initial_gap_below_2mm,0,0,d7412000b1472b03c36fb6e8aceb8f21453f47502e51bc291631b13728292360
me5418-supplement-v1-0274,supplement-g010,far,not_run_target_met,,0,0,ede257d159a17949e262520fcb3c483c1944f98d55098025a72f49d1e4228f71
me5418-supplement-v1-0275,supplement-g011,near_link,not_run_target_met,,0,0,522f302c89ec02504cd67b922de9336e437a5050cccfba01156c4073763bd2d5
me5418-supplement-v1-0276,supplement-g012,tight_layout,geometry_rejected,initialization_failure:related_collision:obstacle;initial_gap_below_2mm,0,0,26ca793ee3fc7333676cfb2d13987c1b586ded46f364b55d273bccee3a778745
me5418-supplement-v1-0277,supplement-g013,near_link,not_run_target_met,,0,0,5d19c3ffc37de0ff4ef928498934c08f542e0a76589a875e5c6b8f8b2507b9ae
me5418-supplement-v1-0278,supplement-g014,tight_layout,geometry_rejected,initialization_failure:related_collision:obstacle;initial_gap_below_2mm,0,0,1a18ca633922a6f05ee50889f1033638cb0a4950954a911404b8f1ec1982e8a4
me5418-supplement-v1-0279,supplement-g015,far,not_run_target_met,,0,0,ca7aef659b070a48936002561c78676a938bd1a18e34dd6fac1789974bc0468f
me5418-supplement-v1-0280,supplement-g016,near_link,geometry_rejected,initialization_failure:related_collision:obstacle;initial_gap_below_2mm;sphere_blocks_tool_segment_buffer,0,0,e192b5b912211420cad4bc1103f3686f93acc43beb23969f0a73f8ffd19276e3
me5418-supplement-v1-0281,supplement-g017,tight_layout,geometry_rejected,initialization_failure:related_collision:obstacle;initial_gap_below_2mm,0,0,35b681bf6633829323ed06c192c9625050f7f0a094079cd23f7798bec6abd208
me5418-supplement-v1-0282,supplement-g018,near_link,not_run_target_met,,0,0,c17abbb5eb72e8f4dc821b2df6324fb894cf3deb99d2b3c2ed603d5dea9d678c
me5418-supplement-v1-0283,supplement-g019,tight_layout,geometry_rejected,initialization_failure:related_collision:obstacle;initial_gap_below_2mm,0,0,b3a88678d00488e5d3cf44be90600299551b10a3cbd96a0a4498bc4a3d9653cb
me5418-supplement-v1-0284,supplement-g020,far,not_run_target_met,,0,0,e8219136a858bf64be42286a1b749b2abf959645f2a1e407a704ff38c6287d04
me5418-supplement-v1-0285,supplement-g021,near_link,not_run_target_met,,0,0,e6c6bc8893b3fa41c4f7f9763404db7375407f02e26d99cc5cd16d1859197d05
me5418-supplement-v1-0286,supplement-g022,tight_layout,geometry_rejected,initialization_failure:related_collision:obstacle;initial_gap_below_2mm,0,0,8ba39fa88c36faed6e9f0fd36e42d66f92150e9d443a634dacd53579a0608d09
me5418-supplement-v1-0287,supplement-g023,near_link,geometry_rejected,initialization_failure:related_collision:obstacle;initial_gap_below_2mm,0,0,de5f71da50bacf01e14856cd4d0706cc6e4c3fade10d4cec589a6af513020f81
